1;[1A00] الكوليرا;1;0;1;1
2;[1A02] حالات عدوى بالامعاء ناجمة عن الشيغيلات;1;0;1;1
3;[1A03] عداوى الامعاء الناجمة عن الإشريكيات القولونية;1;0;1;1
4;[1A07] الحمى التيفية;1;0;1;1
5;[1A08] الحمى نظيرة التيفويد;1;0;1;1
6;[1A09] حالات عدوى ناجمة عن السلمونيلات الاخرى;1;0;1;1
7;[1A11] التسمم السجقي (البوتوليزم);1;0;1;1
8;[1A31] داء الجيارديا;1;0;1;1
9;[1A32] داء خفيات اﻷبواغ (كريبتوسبوريوم);1;0;1;1
10;[1A36] داء اﻷميبات (الزحار الاميبي);1;0;1;1
11;[1A40.0] التهاب المعدة والامعاء او التهاب القولون دون تعيين منشا الالتهاب;1;0;1;1
12;[1A60] الزهري الخلقي;1;0;1;1
13;[1A61] الزهري الباكر;1;0;1;1
14;[1A62] الزهري المتاخر;1;0;1;1
15;[1A70] عدوى تناسلية بولية بالمكورات البنية (الغونوكوك);1;0;1;1
16;[1A7Z] العدوى بالمكورات البنية;1;0;1;1
17;[1A80] الورم الحبيبي اللمفي بالمتدثرات (الكلاميديات);1;0;1;1
18;[1A8Z] عداوى تنتقل جنسيا ناجمة عن المتدثرات (الكلاميديات);1;0;1;1
19;[1A90] قريح;1;0;1;1
20;[1A91] الورم الحبيبي اﻷربي;1;0;1;1
21;[1A92] داء المشعرات (تريكوموناس);1;0;1;1
22;[1A94] عدوى شرجية تناسلية بالهربس البسيط (هربس سمبلكس);1;0;1;1
23;[1A95.0] ثاليل الشرج;1;0;1;1
24;[1A95.1] ثاليل في الاعضاء الجنسية;1;0;1;1
25;[1B10.0] سل تنفسي، تم تاكيده;1;0;1;1
26;[1B10.1] سل تنفسي، لم يتم تاكيده;1;0;1;1
27;[1B14] سل خافي;1;0;1;1
28;[1B20] جذام;1;0;1;1
29;[1B40] حمى روماتزمية حادة دون ذكر لإصابة قلبية;1;0;1;1
30;[1B41] حمى الروماتزم الحادة مع إصابة قلبية;1;0;1;1
31;[1B50] الحمى القرمزية;1;0;1;1
32;[1B51] التهاب البلعوم بالعقديات;1;0;1;1
33;[1B70.0] الحمرة;1;0;1;1
34;[1B70.3] التهاب الاوعية اللمفية الصاعد بالجراثيم;1;0;1;1
35;[1B71] التهاب اللفافة الناخر;1;0;1;1
36;[1B72] قوباء;1;0;1;1
37;[1B73] إكثيمة;1;0;1;1
38;[1B74] التهاب الجريبات السطحية الجرثومي;1;0;1;1
39;[1B75.2] دمال;1;0;1;1
40;[1B75.3] خراج قيحي في الجلد;1;0;1;1
41;[1B90] حمى عضة الجرذ;1;0;1;1
42;[1B91] داء البريميات;1;0;1;1
43;[1B93] الطاعون;1;0;1;1
44;[1B94] تولاريمية;1;0;1;1
45;[1B95] داء البروسيلات;1;0;1;1
46;[1B96] شبيهة الحمرة;1;0;1;1
47;[1B97] الجمرة الخبيثة;1;0;1;1
48;[1C10] داء الشعيات;1;0;1;1
49;[1C11] داء البرتونيلات;1;0;1;1
50;[1C12] شاهوق;1;0;1;1
51;[1C13] كزاز;1;0;1;1
52;[1C16] غنغرينة غازية;1;0;1;1
53;[1C17] الخناق (دفتريا);1;0;1;1
54;[1C19] مرض الفيالقة;1;0;1;1
55;[1C1A] داء الليستريات;1;0;1;1
56;[1C1B] داء النوكارديات;1;0;1;1
57;[1C1C] مرض المكورات السحائية (منينجوكوك);1;0;1;1
58;[1C1C.0] التهاب السحايا بالمكورات السحائية;1;0;1;1
59;[1C1D] يوز;1;0;1;1
60;[1C1E] بنتا;1;0;1;1
61;[1C1G] داء البوريليات للايم;1;0;1;1
62;[1C1H] التهاب اللثة القرحي النخري;1;0;1;1
63;[1C1J] الحمى الراجعة;1;0;1;1
64;[1C23] تراخوما;1;0;1;1
65;[1C30] حمى التيفوس;1;0;1;1
66;[1C31] الحمى المبقعة;1;0;1;1
67;[1C32] الوقس الريكتسي;1;0;1;1
68;[1C33] حمى كيو (Q);1;0;1;1
69;[1C45] متلازمة صدمة الذيفان;1;0;1;1
70;[1C62] مرض فيروس نقص المناعة البشرية دون ذكر السل ولا الملاريا;1;0;1;1
71;[1C81] شلل الاطفال الحاد;1;0;1;1
72;[1C82] داء الكلب;1;0;1;1
73;[1D00] التهاب دماغ بعدوى لم يتم تصنيفه في مكان اخر;1;0;1;1
74;[1D01] التهاب السحايا العدوائي لم يتم تصنيفه في مكان اخر;1;0;1;1
75;[1D02] التهاب عدوائي في النخاع لم يتم تصنيفه في مكان اخر;1;0;1;1
76;[1D03] خراج عدوائي في الجهاز العصبي المركزي;1;0;1;1
77;[1D04] اورام حبيبية عدوائية المنشا في الجهاز العصبي المركزي;1;0;1;1
78;[1D05] التهاب كيسات في الجهاز العصبي المركزي;1;0;1;1
79;[1D2Z] حمى دنج;1;0;1;1
80;[1D40] داء فيروس شيكونغونيا;1;0;1;1
81;[1D46] عدوى بفيروس النيل الغربي;1;0;1;1
82;[1D47] الحمى الصفراء;1;0;1;1
83;[1D48] مرض فيروس زيكا;1;0;1;1
84;[1D65] المتلازمة التنفسية الحادة الشديدة;1;0;1;1
85;[1D80] نكاف;1;0;1;1
86;[1D81] كثرة الوحيدات العدوائية;1;0;1;1
87;[1D82] مرض الفيروسات المضخمة للخلايا;1;0;1;1
88;[1D84] التهاب الملتحمة الفيروسي;1;0;1;1
89;[1D85] التهاب القلب الفيروسي;1;0;1;1
90;[1D86] حمى نزفية فيروسية، لم يتم تصنيفها في مكان اخر;1;0;1;1
91;[1D92] عدوى بفيروسات كورونا، موضعها لم يتم تعيينه;1;0;1;1
92;[1E30] إنفلونزا ناجمة عن فيروس إنفلونزا فصلي تم التعرف عليه;1;0;1;1
93;[1E50.0] التهاب الكبد A الحاد;1;0;1;1
94;[1E50.1] التهاب كبد B حاد;1;0;1;1
95;[1E50.2] التهاب كبد C حاد;1;0;1;1
96;[1E50.3] التهاب الكبد D الحاد;1;0;1;1
97;[1E50.4] التهاب الكبد E الحاد;1;0;1;1
98;[1E51.0] التهاب الكبد B المزمن;1;0;1;1
99;[1E51.1] التهاب الكبد C المزمن;1;0;1;1
100;[1E70] الجدري;1;0;1;1
101;[1E71] جدري النسناس;1;0;1;1
102;[1E72] جدري البقر;1;0;1;1
103;[1E76] المليساء المعدية;1;0;1;1
104;[1E80] الثاليل الشائعة;1;0;1;1
105;[1E81] الثاليل المسطحة;1;0;1;1
106;[1E82] ثاليل الشفتين وجوف الفم;1;0;1;1
107;[1E90] حماق;1;0;1;1
108;[1E91] نطاق;1;0;1;1
109;[1F00.0] عدوى بفيروس الهربس البسيط في الجلد او في الغشاء المخاطي;1;0;1;1
110;[1F00.01] فيروس الهربس البسيط (هربس سمبلكس) الشفوي;1;0;1;1
111;[1F00.1] عدوى العين بفيروس الهربس البسيط;1;0;1;1
112;[1F01] الوردية الطفلية;1;0;1;1
113;[1F02] الحصبة اﻷلمانية;1;0;1;1
114;[1F03] الحصبة;1;0;1;1
115;[1F04] الحمامى العدوائية;1;0;1;1
116;[1F05.3] داء القدم والفم;1;0;1;1
117;[1F20] داء الفطريات الرشاشيات;1;0;1;1
118;[1F23.0] داء المبيضات في الشفتين او في الاغشية المخاطية في الفم;1;0;1;1
119;[1F23.1] داء المبيضات في الجلد او في الاغشية المخاطية;1;0;1;1
120;[1F23.10] داء المبيضات في الفرج والمهبل;1;0;1;1
121;[1F23.12] داء المبيضات في الثنيات او في الطيات الجلدية;1;0;1;1
122;[1F23.13] داء المبيضات في الظفر او داحس الظفر;1;0;1;1
123;[1F25] داء الفطريات الكروانية;1;0;1;1
124;[1F27] داء الفطريات المستخفية;1;0;1;1
125;[1F28] داء الفطريات الجلدي;1;0;1;1
126;[1F2A] داء النوسجات;1;0;1;1
127;[1F2D.0] نخالية مبرقشة;1;0;1;1
128;[1F2D.4] السعفة السوداء;1;0;1;1
129;[1F2G] داء المتكيسات الرئوية;1;0;1;1
130;[1F2Z] حالات عدوى بالفطريات;1;0;1;1
131;[1F4Z] ملاريا;1;0;1;1
132;[1F50] داء الشوكميبات;1;0;1;1
133;[1F51] داء المثقبيات الافريقية;1;0;1;1
134;[1F52] داء البابسيات;1;0;1;1
135;[1F53] داء شاغاس;1;0;1;1
136;[1F54] داء الليشمانيات;1;0;1;1
137;[1F57] داء المقوسات;1;0;1;1
138;[1F60] داء اﻷسطوانيات;1;0;1;1
139;[1F61] داء المتشاخسات;1;0;1;1
140;[1F62] داء الصفر;1;0;1;1
141;[1F65] داء السرميات;1;0;1;1
142;[1F66] داء الفيلاريات;1;0;1;1
143;[1F66.0] داء لوالوا;1;0;1;1
144;[1F66.3] داء الخيطيات اللمفي;1;0;1;1
145;[1F68] امراض الديدان الشصية;1;0;1;1
146;[1F68.0] داء الانكلستوما;1;0;1;1
147;[1F68.1] داء الديدان الفتاكة;1;0;1;1
148;[1F68.2] اليرقات المهاجرة في الجلد;1;0;1;1
149;[1F69] داء الديدان المحلقمة;1;0;1;1
150;[1F6A] داء كلابيات الذنب;1;0;1;1
151;[1F6B] داء اﻷسطوانيات;1;0;1;1
152;[1F6D] داء الديدان السهمية;1;0;1;1
153;[1F6E] داء الشعرينات;1;0;1;1
154;[1F6F] داء اﻷسطوانيات الشعرية;1;0;1;1
155;[1F6G] داء المسلكات;1;0;1;1
156;[1F6H] داء الديدن الشصية;1;0;1;1
157;[1F70] داء الكيسات المذنبة;1;0;1;1
158;[1F71] داء الديدان العوساء;1;0;1;1
159;[1F72] داء الديدان ذوات المنفذين;1;0;1;1
160;[1F73] داء المشوكات;1;0;1;1
161;[1F76] داء الديدان الشريطيات;1;0;1;1
162;[1F86] داء البلهارسيات;1;0;1;1
163;[1F90] حالات اخرى وحالات لم يتم تعيينها من الاحتشار بالديدان الطفيلية;1;0;1;1
164;[1F9Z] عدوى بالديدان;1;0;1;1
165;[1G00] داء القمل;1;0;1;1
166;[1G01] داء النغف;1;0;1;1
167;[1G04] الجرب;1;0;1;1
168;[1G40] إنتان دون صدمة إنتانية;1;0;1;1
169;[1G41] إنتان مع صدمة إنتانية;1;0;1;1
170;[2A00] اورام اولية في الدماغ;2;0;1;1
171;[2A01] الاورام الاولية في السحايا;2;0;1;1
172;[2A02] ورم اولي في الحبل الشوكي او الاعصاب القحفية او الاجزاء المتبقية من الجهاز العصبي المركزي;2;0;1;1
173;[2A20.2] تليف النقي الاولي;2;0;1;1
174;[2A20.4] كثرة خلايا الدم الحمر حقيقية;2;0;1;1
175;[2A21] كثرة الخلايا البدينة;2;0;1;1
176;[2A60] ابيضاضات نقوية حادة واورام طليعية ذات صلة بها;2;0;1;1
177;[2A70.0] ابيضاض او لمفوما الارومة اللمفية B، لم يتم تصنيفها في مكان اخر;2;0;1;1
178;[2A71] اورام طلائع الارومات اللمفية T;2;0;1;1
179;[2A80] لمفوما جريبية;2;0;1;1
180;[2A81] لمفوما الخلايا B الكبيرة المنتشرة;2;0;1;1
181;[2A82.0] ابيضاض الخلايا اللمفية المزمن او لمفوما الخلايا اللمفية الصغيرة;2;0;1;1
182;[2A82.1] ابيضاض الدم بالخلايا B السليفة للخلايا اللمفية;2;0;1;1
183;[2A82.2] ابيضاض الدم بالخلايا المشعرة;2;0;1;1
184;[2A82.3] ابيضاض الدم او لمفوما بالخلايا B الطحالية، يتعذر تصنيفها;2;0;1;1
185;[2A83.0] اعتلال الغلوبولينات المناعية غاما الوحيدة النسيلة لم يتم تعيين اهميته;2;0;1;1
186;[2A83.1] ورم النقي بالخلايا البلاسمية;2;0;1;1
187;[2A83.2] ورم وحيد في الخلايا البلاسمية;2;0;1;1
188;[2A83.3] ورم الخلايا البلاسمية خارج العظم;2;0;1;1
189;[2A83.4] ابيضاض الدم بالخلايا البلاسمية;2;0;1;1
190;[2A83.5] مرض ترسب الغلوبولينات المناعية الوحيدة النسيلة;2;0;1;1
191;[2A84] امراض السلاسل الثقيلة او الامراض التكاثرية المناعية الخبيثة;2;0;1;1
192;[2A85.0] لمفوما المنطقة الهامشية للعقدة;2;0;1;1
193;[2A85.4] لمفوما الخلايا البلاسمية واللمفية;2;0;1;1
194;[2A85.5] لمفوما الخلايا الردائية;2;0;1;1
195;[2A85.6] لمفوما بوركيت وتشمل ابيضاض الدم لبوركيت;2;0;1;1
196;[2A86] لمفوما الخلايا B، ملامح مشتركة;2;0;1;1
197;[2A90] لمفوما الخلايا T الناضجة، انماط تم تعيينها، إما عقدية وإما جهازية;2;0;1;1
198;[2B01] فطار فطراني;2;0;1;1
199;[2B02] متلازمة سيزاري;2;0;1;1
200;[2B03] اضطرابات اولية جلدية لمفية تكاثرية في الخلايا T إيجابية CD-30;2;0;1;1
201;[2B2Z] اورام الخلايا T الناضجة او القاتلة الطبيعية;2;0;1;1
202;[2B30] لمفوما هودجكين;2;0;1;1
203;[2B31] اورام الخلايا النسيجية او الخلايا التغصنية;2;0;1;1
204;[2B33.0] ابيضاض حاد، لم يتم تصنيفه في مكان اخر;2;0;1;1
205;[2B33.1] ابيضاض نقوي;2;0;1;1
206;[2B33.2] ابيضاض نقوي مزمن، لم يتم تصنيفه في مكان اخر;2;0;1;1
207;[2B33.3] ابيضاض لمفي، لم يتم تصنيفه في مكان اخر;2;0;1;1
208;[2B50] ساركوما غضروفية، موضع اولي;2;0;1;1
209;[2B51] ساركوما عظمية، الموضع اولي;2;0;1;1
210;[2B52] ساركوما إيوينغ، موضع اولي;2;0;1;1
211;[2B53] ورم ارومي ليفي او ارومي ليفي عضلي موضع اولي;2;0;1;1
212;[2B55] ساركوما عضلية مخططة، موضع اولي;2;0;1;1
213;[2B56] ساركوما وعائية، موضع اولي;2;0;1;1
214;[2B57] ساركوما كابوزي، موضع اولي;2;0;1;1
215;[2B58] ساركوما عضلية ملساء، موضع اولي;2;0;1;1
216;[2B59] ساركوما شحمية، موضع اولي;2;0;1;1
217;[2B5A] ساركوما زليلية، موضع اولي;2;0;1;1
218;[2B5B] ورم هضمي سدوي، موضع اولي;2;0;1;1
219;[2B5C] ساركوما سدوية في بطانة الرحم، موضع اولي;2;0;1;1
220;[2B5F] ساركوما لم يتم تصنيفها في مكان اخر، موضع اولي;2;0;1;1
221;[2B5G] ساركوما عضلية في الرحم، الجزء لم يتم تعيينه;2;0;1;1
222;[2B6Z] اورام خبيثة في الشفتين او في جوف الفم او في البلعوم;2;0;1;1
223;[2B70] اورام خبيثة في المريء;2;0;1;1
224;[2B71] اورام خبيثة في الموصل بين المريء والمعدة;2;0;1;1
225;[2B72] اورام خبيثة في المعدة;2;0;1;1
226;[2B80] ورم خبيث في الامعاء الدقيقة;2;0;1;1
227;[2B81] اورام خبيثة في الزائدة الدودية;2;0;1;1
228;[2B90] ورم خبيث في القولون;2;0;1;1
229;[2B91] ورم خبيث في الموصل السيني المستقيمي;2;0;1;1
230;[2B92] ورم خبيث في المستقيم;2;0;1;1
231;[2C00] اورام خبيثة في الشرج او في قناة الشرج;2;0;1;1
232;[2C10] ورم خبيث في البنكرياس;2;0;1;1
233;[2C12] اورام خبيثة في الكبد او في القنوات داخل الكبد.;2;0;1;1
234;[2C13] اورام خبيثة في المرارة;2;0;1;1
235;[2C17] اورام خبيثة في اجزاء اخرى او في اجزاء لم يتم تعيينها في السبيل الصفراوي;2;0;1;1
236;[2C20] اورام خبيثة في جوف الانف;2;0;1;1
237;[2C21] اورام خبيثة في الاذن الوسطى;2;0;1;1
238;[2C22] اورام خبيثة في الجيوب الإضافية;2;0;1;1
239;[2C23] اورام خبيثة في الحنجرة;2;0;1;1
240;[2C24] اورام خبيثة في الرغامى;2;0;1;1
241;[2C25] اورام خبيثة في القصبة او في الرئة;2;0;1;1
242;[2C26] اورام خبيثة في الجنبة;2;0;1;1
243;[2C27] اورام خبيثة في الغدة الثيموسية;2;0;1;1
244;[2C28] اورام خبيثة في القلب او في المنصف او اورام غير متوسطية في الجنبة;2;0;1;1
245;[2C30] ميلانوما في الجلد;2;0;1;1
246;[2C31] كارسينوما الخلايا الحرشفية في الجلد;2;0;1;1
247;[2C32] كارسينوما الخلايا القاعدية في الجلد;2;0;1;1
248;[2C40] اورام ظهارية عصبية خبيثة في اعصاب محيطية او في الجهاز العصبي المستقل;2;0;1;1
249;[2C41] ورم خبيث في ظهارة الحزمة العصبية;2;0;1;1
250;[2C50] اورام خبيثة خلف الصفاق;2;0;1;1
251;[2C51] اورام خبيثة في الصفاق;2;0;1;1
252;[2C52] اورام خبيثة في الثرب;2;0;1;1
253;[2C6Z] اورام خبيثة في الثدي;2;0;1;1
254;[2C70] اورام خبيثة في فرج الانثى;2;0;1;1
255;[2C71] اورام خبيثة في المهبل;2;0;1;1
256;[2C72] اورام خبيثة في اربطة الرحم او في مجاورات الرحم او في ملحقات الرحم;2;0;1;1
257;[2C73] اوارم خبيثة في المبيض;2;0;1;1
258;[2C74] اورام خبيثة في انبوب فالوب;2;0;1;1
259;[2C75] اورام خبيثة في المشيمة;2;0;1;1
260;[2C76] اورام خبيثة في جسم الرحم;2;0;1;1
261;[2C77] اورام خبيثة في عنق الرحم;2;0;1;1
262;[2C80] اورام خبيثة في الخصية;2;0;1;1
263;[2C81] اورام خبيثة في القضيب;2;0;1;1
264;[2C82] اورام خبيثة في البروستات;2;0;1;1
265;[2C83] اورام خبيثة في الصفن;2;0;1;1
266;[2C90] اورام خبيثة في الكلية عدا حويضة الكلية;2;0;1;1
267;[2C91] اورام خبيثة في حويضة الكلية;2;0;1;1
268;[2C92] اورام خبيثة في الحالب;2;0;1;1
269;[2C93] اورام خبيثة في الإحليل او في الغدة المجاورة للإحليل;2;0;1;1
270;[2C94] اورام خبيثة في المثانة;2;0;1;1
271;[2D0Z] اورام خبيثة في العين او في ملحقات العين;2;0;1;1
272;[2D10] اورام خبيثة في الغدة الدرقية;2;0;1;1
273;[2D11] اورام خبيثة في غدة الكظر;2;0;1;1
274;[2E2Z] نقائل ورم خبيث;2;0;1;1
275;[2E60] كارسينوما لابدة في جوف الفم او المريء او المعدة;2;0;1;1
276;[2E61.0] كارسينوما لابدة في القولون;2;0;1;1
277;[2E62] كارسينوما لابدة في الاذن الوسطى او في الجهاز التنفسي;2;0;1;1
278;[2E63.00] نمشة خبيثة;2;0;1;1
279;[2E63.1] ميلانوما لابدة في الملتحمة;2;0;1;1
280;[2E64] كارسينوما لابدة في الجلد;2;0;1;1
281;[2E65] كارسينوما لابدة في الثدي;2;0;1;1
282;[2E66] كارسينوما في الموضع في عنق الرحم;2;0;1;1
283;[2E66.2] افة حرشفية مرتفعة الدرجة داخل الطبقة الظهارية في عنق الرحم;2;0;1;1
284;[2E67.0] كارسينوما لابدة في بطانة الرحم;2;0;1;1
285;[2E67.1] كارسينوما لابدة في فرج الانثى;2;0;1;1
286;[2E67.2] كارسينوما لابدة في المهبل;2;0;1;1
287;[2E67.4] كارسينوما لابدة في القضيب;2;0;1;1
288;[2E67.5] كارسينوما لابدة في البروستات;2;0;1;1
289;[2E68] كارسينوما لابدة في المثانة;2;0;1;1
290;[2E6A] كارسينوما لابدة في العين او في ملحقات العين;2;0;1;1
291;[2E6B] كارسينوما لابدة في الغدة الدرقية او في غيرها من الغدد الصم;2;0;1;1
292;[2E80.0] ورم دهني;2;0;1;1
293;[2E81] اورام وعائية حميدة;2;0;1;1
294;[2E82] اورام حميدة غضروفية المنشا;2;0;1;1
295;[2E83] اورام حميدة عظمية المنشا;2;0;1;1
296;[2E84] ورم حميد ليفي المنشا او عضلي ليفي المنشا;2;0;1;1
297;[2E85] ورم حميد في الخلايا المنسجة والليفية;2;0;1;1
298;[2E86] ورم حميد في عضلة ملساء او في عضلة هيكلية;2;0;1;1
299;[2E86.0] الورم العضلي الاملس في الرحم;2;0;1;1
300;[2E86.2] ورم عضلي مخطط;2;0;1;1
301;[2E87] ورم حميد سدوي في جهاز الهضم;2;0;1;1
302;[2E88] عقيدة حميدة سدوية في بطانة الرحم;2;0;1;1
303;[2E90] ورم حميد في الشفة او في تجويف الفم او في البلعوم;2;0;1;1
304;[2E91] ورم حميد في الغدد اللعابية الكبيرة;2;0;1;1
305;[2E92.40] متلازمة داء البوليبات;2;0;1;1
306;[2F00] ورم حميد في الاذن الوسطى او الجهاز التنفسي;2;0;1;1
307;[2F20] اورام حميدة في الخلايا الميلانية في الجلد;2;0;1;1
308;[2F21.0] تقران مثي;2;0;1;1
309;[2F23] اورام جلدية حميدة بخلايا ليفية او ليفية منسجة;2;0;1;1
310;[2F25] ورم وعائي توتي;2;0;1;1
311;[2F26] ورم وعائي شعيري فصيصي;2;0;1;1
312;[2F30] ورم حميد في الثدي;2;0;1;1
313;[2F32] ورم حميد في المبيض;2;0;1;1
314;[2F35] ورم حميد في الاعضاء البولية;2;0;1;1
315;[2F36] ورم حميد في العين وفي ملحقات العين;2;0;1;1
316;[2F37] ورم حميد في غدد صماء;2;0;1;1
317;[3A00] فقر دم عوز الحديد;3;0;1;1
318;[3A01] فقر دم ضخم اﻷرومات ناجم عن عوز فيتامين B12;3;0;1;1
319;[3A02] فقر دم بعوز الفولات;3;0;1;1
320;[3A20.5] متلازمة إيفانس;3;0;1;1
321;[3A21.0] بيلة هيموغلوبينية ليلية انتيابية;3;0;1;1
322;[3A21.1] فقر دم انحلالي باعتلال الاوعية الدقيقة;3;0;1;1
323;[3A21.2] متلازمة يوريمية بانحلال الدم;3;0;1;1
324;[3A4Z] حالات فقر دم انحلالي;3;0;1;1
325;[3A50.0] ثلاسيميا الفا;3;0;1;1
326;[3A50.2] ثلاسيميا بيتا;3;0;1;1
327;[3A51.0] خلة خلية منجلية;3;0;1;1
328;[3A51.1] مرض خلية منجلية دون نوبات;3;0;1;1
329;[3A51.2] فقر دم منجلي مع نوبة;3;0;1;1
330;[3A6Z] عدم تنسج صرف لخلايا حمر;3;0;1;1
331;[3A70] فقر دم عدم تنسج;3;0;1;1
332;[3A71] فقر دم ناجم عن مرض مزمن;3;0;1;1
333;[3A72] فقر دم الارومات الحديدية;3;0;1;1
334;[3A73] فقر الدم خلقي ناجم عن خلل تكون الكريات الحمر;3;0;1;1
335;[3A80] كثرة خلايا الدم الحمر الخلقية;3;0;1;1
336;[3A81] كثرة خلايا الدم الحمر المكتسبة;3;0;1;1
337;[3A90] فقر دم ناجم عن مرض حاد;3;0;1;1
338;[3A91] ميتهيموغلوبينة خلقية;3;0;1;1
339;[3A93] ميتهيموغلوبينمية مكتسبة;3;0;1;1
340;[3B10] نقص وراثي في العامل VIII;3;0;1;1
341;[3B10.0] ناعور A;3;0;1;1
342;[3B11] نقص وراثي في العامل IX;3;0;1;1
343;[3B11.0] ناعور B;3;0;1;1
344;[3B12] مرض فون ويليبراند;3;0;1;1
345;[3B13] ناعور C;3;0;1;1
346;[3B14.0] نقص موروث في العامل I;3;0;1;1
347;[3B14.1] نقص موروث في العامل X;3;0;1;1
348;[3B14.2] نقص مركب في عوامل تخثر تعتمد على فيتامين K;3;0;1;1
349;[3B20] تخثر منتثر داخل الاوعية;3;0;1;1
350;[3B22] ناعور مكتسب;3;0;1;1
351;[3B4Z] عيوب تخثر;3;0;1;1
352;[3B50] عيوب موروثة في حل الفيبرين;3;0;1;1
353;[3B51] عيوب مكتسبة في حل الفيبرين;3;0;1;1
354;[3B60] فرفرية غير قليلة الصفيحات;3;0;1;1
355;[3B61] أهبة التخثر;3;0;1;1
356;[3B62] عيوب كيفية فيصفيحات الدم;3;0;1;1
357;[3B63] كثرة الصفيحات;3;0;1;1
358;[3B64] نقص الصفيحات;3;0;1;1
359;[3B65] اعتلال اوعية دقيقة تخثري، لم يتم تصنيفه في مكان اخر;3;0;1;1
360;[3B81.6] احتشاء الطحال;3;0;1;1
361;[3B81.7] عدوى في الطحال;3;0;1;1
362;[4A00.1] عيوب في منظومة المتممة;4;0;1;1
363;[4A00.14] وذمة وعائية موروثة;4;0;1;1
364;[4A40] ذئبة حمامية;4;0;1;1
365;[4A41.0] التهاب الجلد والعضلات;4;0;1;1
366;[4A41.1] التهاب العضلات العديدة;4;0;1;1
367;[4A42] تصلب جهازي;4;0;1;1
368;[4A43.0] مرض مرتبط بالغلوبولين المناعي IgG4;4;0;1;1
369;[4A43.1] مرض ميكوليكس;4;0;1;1
370;[4A43.2] متلازمة جوغرن;4;0;1;1
371;[4A43.3] مرض مختلط في نسيج ضام;4;0;1;1
372;[4A43.4] التهاب لفافات منتشر يوزيني;4;0;1;1
373;[4A44.0] التهاب المفاصل المتعددة وقصر جذر الاطراف;4;0;1;1
374;[4A44.1] متلازمة قوس الابهر;4;0;1;1
375;[4A44.2] التهاب الشرايين بالخلايا العملاقة;4;0;1;1
376;[4A44.3] التهاب الاوعية في عضو وحيد;4;0;1;1
377;[4A44.4] التهاب الشرايين العقد;4;0;1;1
378;[4A44.5] متلازمة العقد اللمفية المخاطية الجلدية;4;0;1;1
379;[4A44.6] متلازمة سنيدون;4;0;1;1
380;[4A44.7] التهاب اوعية اولي في الجهاز العصبي المركزي;4;0;1;1
381;[4A44.8] التهاب اوعية خثاري ساد;4;0;1;1
382;[4A44.90] التهاب الاوعية بالغلوبولينات البردية في الدم;4;0;1;1
383;[4A44.91] التهاب الاوعية الشروي ونقص المتممة في الدم;4;0;1;1
384;[4A44.92] التهاب الاوعية بالغلوبولين المناعي IgA;4;0;1;1
385;[4A44.A0] التهاب اوعية متعددة مجهرية;4;0;1;1
386;[4A44.A1] اورام حبيبية مع التهاب اوعية متعددة;4;0;1;1
387;[4A44.A2] اورام حبيبية يوزينية مع التهاب الاوعية المتعددة;4;0;1;1
388;[4A44.B] التهاب الاوعية بناقضات الخلايا البيض;4;0;1;1
389;[4A45] متلازمة اضداد فسفوليبيد;4;0;1;1
390;[4A60.0] حمى البحر المتوسط العائلية;4;0;1;1
391;[4A61] متلازمة التهاب الزليل وحب الشباب المتكور او الخاطف وكثرة البثرات في الراحتين والاخمصين وفرط التعظم والتهاب العظم ( SAPHO );4;0;1;1
392;[4A62] مرض بهجت;4;0;1;1
393;[4A84] تاق;4;0;1;1
394;[4A8Z] حالات ارجية او فرط الحساسية;4;0;1;1
395;[4B20] ساركويد;4;0;1;1
396;[4B21] فرط غاما غلوبيولين الدم العديد النسائل;4;0;1;1
397;[4B22] وجود الغلوبيولينات البردية في الدم;4;0;1;1
398;[4B23] المتلازمة الالتهابية الاستبنائية المناعية;4;0;1;1
399;[4B24] داء الطعم حيال الثوي;4;0;1;1
400;[4B40.2] متلازمة غود;4;0;1;1
401;[5A00] قصور الدرقية;5;0;1;1
402;[5A00.02] متلازمة بندريد;5;0;1;1
403;[5A00.21] غيبوبة الوذمة المخاطية;5;0;1;1
404;[5A00.22] قصور الغدة الدرقية تحت سريري بنقص اليود;5;0;1;1
405;[5A01] ضخامة درقية غير سمية;5;0;1;1
406;[5A02] تسمم درقي;5;0;1;1
407;[5A03] التهاب الغدة الدرقية;5;0;1;1
408;[5A10] سكري من النمط 1;5;0;1;1
409;[5A11] سكري من النمط 2;5;0;1;1
410;[5A20] حالة فرط الاوسمولارية وفرط السكر في الدم;5;0;1;1
411;[5A21] نقص سكر الدم في سياق السكري;5;0;1;1
412;[5A22] حماض سكري;5;0;1;1
413;[5A23] غيبوبة السكري;5;0;1;1
414;[5A40.0] اختلال غلوكوز الدم على الريق;5;0;1;1
415;[5A40.1] اختلال تحمل الغلوكوز;5;0;1;1
416;[5A43.1] متلازمة زولينجر-إيليسون;5;0;1;1
417;[5A50] قصور الغدد المجاورة للغدة الدرقية;5;0;1;1
418;[5A51] فرط نشاط الغدد المجاورة للغدة الدرقية;5;0;1;1
419;[5A60.0] ضخامة النهايات او عملقة نخامية المنشا;5;0;1;1
420;[5A60.1] فرط برولاكتين الدم;5;0;1;1
421;[5A60.2] متلازمة الإفراز غير الملائم للهرمون المضاد لإدرار البول;5;0;1;1
422;[5A60.3] بلوغ باكر مركزي المنشا;5;0;1;1
423;[5A61.0] قصور الغدة النخامية;5;0;1;1
424;[5A61.1] نقص الهرمون الموجه لقشر الكظر;5;0;1;1
425;[5A61.2] نقص موجهة الغدد التناسلية;5;0;1;1
426;[5A61.3] نقص هرمون النمو;5;0;1;1
427;[5A61.4] نقص الهرمون المنبه للغدة الدرقية;5;0;1;1
428;[5A61.5] البوالة التفهة المركزية المشنا;5;0;1;1
429;[5A61.6] نقص الاوكسيتوسين;5;0;1;1
430;[5A70] متلازمة كوشينغ;5;0;1;1
431;[5A71.00] مقاومة الغلوكوكورتيكويد;5;0;1;1
432;[5A72] فرط الالدوستيرونية;5;0;1;1
433;[5A73] نقص الالدوستيرونية;5;0;1;1
434;[5A74] قصور قشر الكظر;5;0;1;1
435;[5A74.1] ازمة كظرية;5;0;1;1
436;[5A80.1] متلازمة المبيض المتعدد الكيسات;5;0;1;1
437;[5A80.2] مبيض متعدد الكيسات;5;0;1;1
438;[5A80.3] غياب الإباضة;5;0;1;1
439;[5B10] متلازمة كارسينويد;5;0;1;1
440;[5B50] نقص الوزن لدى الرضع او الاطفال او المراهقين;5;0;1;1
441;[5B56.0] البثع;5;0;1;1
442;[5B57.1] تلين العظام بنقص الفيتامين D;5;0;1;1
443;[5B5A.0] بري بري;5;0;1;1
444;[5B5A.1] متلازمة فيرنيكه-كورساكوف;5;0;1;1
445;[5B5C.0] بلاغرا;5;0;1;1
446;[5B80.0] زيادة الوزن;5;0;1;1
447;[5B81] بدانة;5;0;1;1
448;[5C50.0] بيلة فينيلكيتون;5;0;1;1
449;[5C50.10] بيلة الكابتون;5;0;1;1
450;[5C51.3] داء اختزان الجليكوجين ، بما في ذلك نقص الجلوكوز 6 فوسفات ديهيدروجينيز;5;0;1;1
451;[5C55.01] متلازمة ليش-نيهان;5;0;1;1
452;[5C56.00] داء كثرة الغانغليوزيد;5;0;1;1
453;[5C56.01] داء فابري;5;0;1;1
454;[5C58.00] متلازمة كريغلر-نجار;5;0;1;1
455;[5C58.01] متلازمة جيلبيرت;5;0;1;1
456;[5C58.02] متلازمة دوبين-جونسون;5;0;1;1
457;[5C58.10] البورفيرية الجلدية المتاخرة;5;0;1;1
458;[5C58.12] حالات بورفيرية مكونة لخلايا الدم الحمراء;5;0;1;1
459;[5C58.13] بورفيرية مبرقشة;5;0;1;1
460;[5C5A] نقص إنزيم الفا-1-انتيتريبسين;5;0;1;1
461;[5C60.0] متلازمة عينية دماغية كلوية;5;0;1;1
462;[5C60.1] الداء السيستيني;5;0;1;1
463;[5C60.2] بيلة السيستين;5;0;1;1
464;[5C61.6] عدم تحمل اللاكتوز;5;0;1;1
465;[5C64.00] داء ويلسون;5;0;1;1
466;[5C70.0] تجفاف;5;0;1;1
467;[5C76] فرط بوتاسيوم الدم;5;0;1;1
468;[5C77] نقص بوتاسيوم الدم;5;0;1;1
469;[5C80.0] فرط كوليستيرول الدم;5;0;1;1
470;[5C80.1] فرط تريغليسيريد الدم;5;0;1;1
471;[5D00] داء نشواني;5;0;1;1
472;[6A00] اضطرابات النماء الذهني;6;0;1;1
473;[6A01] اضطرابات النماء في الكلام وفي اللغة;6;0;1;1
474;[6A02] اضطراب طيف التوحد;6;0;1;1
475;[6A05] اضطراب نقص الانتباه فرط النشاط;6;0;1;1
476;[6A0Z] اضطرابات النماء العصبي;6;0;1;1
477;[6A20] فصام;6;0;1;1
478;[6A21] اضطراب وجداني فصامي;6;0;1;1
479;[6A23] اضطراب ذهاني عابر وحاد;6;0;1;1
480;[6A24] اضطراب وهامي;6;0;1;1
481;[6A4Z] جامود، لم يتم تعيينه;6;0;1;1
482;[6A60] اضطراب ثنائي القطب نمط I;6;0;1;1
483;[6A61] اضطراب ثنائي القطب نمط II;6;0;1;1
484;[6A70] نوبة وحيدة من اضطراب اكتئابي;6;0;1;1
485;[6A71] اضطراب اكتئابي راجع;6;0;1;1
486;[6A72] اضطراب اكتئابي جزئي;6;0;1;1
487;[6A73] اضطراب مختلط اكتئاب وقلق;6;0;1;1
488;[6B00] اضطراب القلق المتعمم;6;0;1;1
489;[6B01] اضطراب الهلع;6;0;1;1
490;[6B02] رهاب الميادين;6;0;1;1
491;[6B03] رهاب نوعي;6;0;1;1
492;[6B04] اضطرابات القلق الاجتماعي;6;0;1;1
493;[6B20] اضطراب وسواسي-قهري;6;0;1;1
494;[6B23] توهم المرض;6;0;1;1
495;[6B40] اضطراب الكرب التالي للرضح;6;0;1;1
496;[6B43] اضطراب التلاؤم;6;0;1;1
497;[6B60] اضطراب الاعراض العصبية التفارقية;6;0;1;1
498;[6B80] فقد الشهية العصابي;6;0;1;1
499;[6B81] نهام عصابي;6;0;1;1
500;[6C00] سلس البول;6;0;1;1
501;[6C01] سلس البراز;6;0;1;1
502;[6C40] اضطرابات ناجمة عن تعاطي الكحول;6;0;1;1
503;[6C41] اضطرابات ناجمة عن تعاطي الحشيش;6;0;1;1
504;[6C43] اضطرابات ناجمة عن تعاطي الافيونيات;6;0;1;1
505;[6C44] اضطرابات ناجمة عن تعاطي مهدئات او منومات او مزيلات القلق;6;0;1;1
506;[6C45] اضطرابات ناجمة عن تعاطي الكوكائين;6;0;1;1
507;[6C46] اضطرابات ناجمة عن تعاطي المنبهات بما فيها مركبات الامفيتامين او ميثامفيتامين او ميثكاثيون;6;0;1;1
508;[6C4A] اضطرابات ناجمة عن التبغ;6;0;1;1
509;[6C4B] اضطرابات ناجمة عن تعاطي النشوقات الطيارة;6;0;1;1
510;[6C4C] اضطرابات ناجمة عن تعاطي 3،4-ميثلين ديوكسي امفيتامين (MDMA) او الادوية ذات الصلة بما فيها MDA;6;0;1;1
511;[6C4D] اضطرابات ناجمة عن تعاطي ادوية تفارقية بما فيها كيتامين وفينسيكليدين (PCP);6;0;1;1
512;[6C4E] اضطرابات ناجمة عن تعاطي مواد اخرى نفسية التاثير، بما فيها الادوية;6;0;1;1
513;[6D10] اضطرابات الشخصية;6;0;1;1
514;[6D70] هذيان;6;0;1;1
515;[6D8Z] خرف لم تتم معرفة سببه او لم يتم تعيين سببه;6;0;1;1
516;[7A0Z] اضطرابات الارق، لم يتم تعيينها;7;0;1;1
517;[7A20] نوبة نوم;7;0;1;1
518;[7A41] انقطاع التنفس النومي الانسدادي;7;0;1;1
519;[7A80] متلازمة تململ الساقين;7;0;1;1
520;[8A00] باركنسونية;8;0;1;1
521;[8A00.0] داء باركنسون;8;0;1;1
522;[8A01] اضطرابات حركات رقصية;8;0;1;1
523;[8A01.10] داء هنتينغتون;8;0;1;1
524;[8A02] خلل التوتر العضلي;8;0;1;1
525;[8A03] اضطرابات الرنح;8;0;1;1
526;[8A04.1] رعاش اساسي او رعاش يتصل به;8;0;1;1
527;[8A04.2] رعاش الراحة;8;0;1;1
528;[8A05] اضطرابات العرات;8;0;1;1
529;[8A06] اضطرابات رمع عضلي;8;0;1;1
530;[8A20] مرض الزهايمر;8;0;1;1
531;[8A22] داء جسم ليوي;8;0;1;1
532;[8A40] التصلب المتعدد;8;0;1;1
533;[8A41.0] اعتلال النخاع المستعرض;8;0;1;1
534;[8A42] التهاب الدماغ والنخاع المنتثر الحاد;8;0;1;1
535;[8A43] التهاب النخاع والعصب البصري;8;0;1;1
536;[8A44] حالات خلل نماء المادة البيضاء;8;0;1;1
537;[8A45.02] اعتلال بيضاء الدماغ المتعدد البؤر المتفاقم;8;0;1;1
538;[8A45.31] انحلال الميالين المركزي في الجسر;8;0;1;1
539;[8A63.0] نوبات اختلاجية حموية;8;0;1;1
540;[8A66] حالة صرعية;8;0;1;1
541;[8A6Z] صرع او نوبات اختلاجات، لم يتم تعيينه;8;0;1;1
542;[8A80] شقيقة;8;0;1;1
543;[8A81] صداع من نمط التوتر;8;0;1;1
544;[8B00] نزف داخل الدماغ;8;0;1;1
545;[8B01] نزف تحت العنكبوتية;8;0;1;1
546;[8B02] نزف تحت الجافية غير رضحي;8;0;1;1
547;[8B03] نزف فوق الجافية غير رضحي;8;0;1;1
548;[8B0Z] نزف داخل القحف، لم يتم تعيينه;8;0;1;1
549;[8B10] هجمة إقفار عابر;8;0;1;1
550;[8B10.0] كمنة عابرة;8;0;1;1
551;[8B11] سكتة دماغية إقفارية;8;0;1;1
552;[8B20] سكتة دماغية لم تتم معرفة ما إذا كانت إقفارية ام نزفية;8;0;1;1
553;[8B22.4] تشوه وعائي داخل القحف;8;0;1;1
554;[8B22.A] متلازمة سرقة الشريان تحت الترقوة;8;0;1;1
555;[8B22.B] متلازمة مويامويا;8;0;1;1
556;[8B24] اعتلال الدماغ بنقص الاكسجين-الإقفار;8;0;1;1
557;[8B26.5] متلازمات جوبية;8;0;1;1
558;[8B40] متلازمة ذنب الفرس;8;0;1;1
559;[8B41] التهاب النخاع;8;0;1;1
560;[8B42] اعتلال النخاع;8;0;1;1
561;[8B43] اعتلالات النخاع بدون انضغاط في الاوعية;8;0;1;1
562;[8B44] اضطرابات اعتلال تنكسي في النخاع;8;0;1;1
563;[8B60] مرض النورون الحركي;8;0;1;1
564;[8B60.0] التصلب الجانبي الضموري;8;0;1;1
565;[8B61] ضمور عضلي نخاعي المنشا;8;0;1;1
566;[8B62] الضمور العضلي المتفاقم التالي لشلل الاطفال;8;0;1;1
567;[8B82.0] الم العصب الثلاثي التوائم;8;0;1;1
568;[8B88.0] شلل بيل;8;0;1;1
569;[8B91] اضطرابات في الضفيرة العضدية;8;0;1;1
570;[8B92] اضطرابات في الضفيرة القطنية العجزية;8;0;1;1
571;[8B93] اعتلال الجذور;8;0;1;1
572;[8C03.0] اعتلال الاعصاب المتعددة السكري;8;0;1;1
573;[8C0Z] اعتلال اﻷعصاب المتعددة، لم يتم تعيينها;8;0;1;1
574;[8C10.0] متلازمة النفق الرسغي;8;0;1;1
575;[8C11.1] الم الفخذ المذلي;8;0;1;1
576;[8C11.3] إصابة في العصب الشظوي الاصلي;8;0;1;1
577;[8C11.5] متلازمة النفق الكاحلي;8;0;1;1
578;[8C11.6] إصابة في العصب الاخمصي;8;0;1;1
579;[8C1Y] حالات اخرى تم تعيينها انها التهاب عصب وحيد لم يتم تعيين موضعه;8;0;1;1
580;[8C60] وهن عضلي وخيم;8;0;1;1
581;[8C62] متلازمة لامبرت-إيتون;8;0;1;1
582;[8C70] خلل نمو العضلات;8;0;1;1
583;[8C73] اعتلالات عضلية باضطراب المتقدرات;8;0;1;1
584;[8D20] شلل دماغي تشنجي;8;0;1;1
585;[8D21] شلل دماغي مع خلل الحركة;8;0;1;1
586;[8D22] شلل دماغي رنحي;8;0;1;1
587;[8D23] متلازمة ورستر-دروت;8;0;1;1
588;[8D2Z] شلل دماغي، لم يتم تعيينه;8;0;1;1
589;[8D41.2] الورم الدماغي الكاذب المتعلق بفرط فيتامين A;8;0;1;1
590;[8D43.00] اعتلال دماغ ناجم عن الامونيا;8;0;1;1
591;[8D44.0] اعتلال الاعصاب المتعدد الكحولي;8;0;1;1
592;[8D60.0] متلازمات انفتاق الدماغ;8;0;1;1
593;[8D60.1] وذمة في الدماغ;8;0;1;1
594;[8D64] موه الراس;8;0;1;1
595;[8D65] ناسور السائل الدماغي النخاعي;8;0;1;1
596;[8D66] تكهف النخاع او تكهف البصلة;8;0;1;1
597;[8D67] كيسة عنكبوتية داخل القحف;8;0;1;1
598;[8D87.0] ضمور في اجهزة متعددة;8;0;1;1
599;[8D8A.1] متلازمة هورنر;8;0;1;1
600;[8E02.Z] امراض جينية بريونية، لم يتم تعيينها;8;0;1;1
601;[8E43.0] الم الاعتلال العصبي;8;0;1;1
602;[8E43.00] متلازمة الطرف الشبحي;8;0;1;1
603;[8E45] متلازمة الانحباس;8;0;1;1
604;[8E46] متلازمة راي;8;0;1;1
605;[9A01.2] شعيرة;9;0;1;1
606;[9A01.3] التهاب الجفن العدوائي;9;0;1;1
607;[9A02.0] البردة;9;0;1;1
608;[9A03.0] إطراق الجفن;9;0;1;1
609;[9A03.00] متلازمة ماركوس-غن;9;0;1;1
610;[9A03.1] شتر داخلي في الجفن;9;0;1;1
611;[9A03.2] شتر خارجي في الجفن;9;0;1;1
612;[9A03.4] عين ارنبية;9;0;1;1
613;[9A06.4] لويحة صفراء في الجفن;9;0;1;1
614;[9A11.2] التهاب كيس الدمع;9;0;1;1
615;[9A11.8] انسداد القناة الانفية الدمعية;9;0;1;1
616;[9A21.0] التهاب النسيج الخلوي في الحجاج;9;0;1;1
617;[9A21.2] خراج الحجاج;9;0;1;1
618;[9A60] التهاب الملتحمة;9;0;1;1
619;[9A60.02] التهاب الملتحمة الارجي;9;0;1;1
620;[9A60.3] التهاب الملتحمة المخاطي القيحي;9;0;1;1
621;[9A60.4] التهاب الملتحمة والاجفان;9;0;1;1
622;[9A61.0] شحيمة;9;0;1;1
623;[9A61.1] ظفرة;9;0;1;1
624;[9A61.5] نزف في الملتحمة او تحت الملتحمة;9;0;1;1
625;[9A71] التهاب القرنية العدوائي;9;0;1;1
626;[9A76] قرحة في القرنية;9;0;1;1
627;[9A77] ندبات او عتامات في القرنية;9;0;1;1
628;[9A78.50] قرنية مخروطية;9;0;1;1
629;[9A79] التهاب القرنية والملتحمة الجفافي;9;0;1;1
630;[9A80] نزف داخل الغرفة الامامية للعين;9;0;1;1
631;[9A96] التهاب العنبية الامامية;9;0;1;1
632;[9B00] اضطرابات في الجهاز الوارد في الحدقة;9;0;1;1
633;[9B01] اضطرابات في الجهاز الصادر في الحدقة;9;0;1;1
634;[9B10] ساد;9;0;1;1
635;[9B11.0] انعدام العدسة;9;0;1;1
636;[9B50] التهاب ظاهر الصلبة;9;0;1;1
637;[9B51] التهاب الصلبة;9;0;1;1
638;[9B65] التهاب المشيمية;9;0;1;1
639;[9B71] اعتلال الشبكية;9;0;1;1
640;[9B73] انفصال او تشقق الشبكية;9;0;1;1
641;[9B74] انسدادات وعائية في الشبكية;9;0;1;1
642;[9B75] اضطرابات البقعة;9;0;1;1
643;[9B81] انفصال خلفي في الجسم الزجاجي;9;0;1;1
644;[9C20] التهاب العنبية الشامل;9;0;1;1
645;[9C21] التهاب باطن العين;9;0;1;1
646;[9C22] تشوه كرة العين;9;0;1;1
647;[9C40.0] اعتلال العصب البصري عدوائي المنشا;9;0;1;1
648;[9C40.1] التهاب العصب البصري;9;0;1;1
649;[9C40.4] اعتلال العصب البصري الإقفاري المنشا;9;0;1;1
650;[9C40.A0] وذمة حليمة العصب البصري;9;0;1;1
651;[9C61] زرق;9;0;1;1
652;[9C61.0] زرق اولي مفتوح الزاوية;9;0;1;1
653;[9C61.00] زرق طبيعي الضغط;9;0;1;1
654;[9C61.1] زرق اولي مغلق الزاوية وزرق مغلق الزاوية;9;0;1;1
655;[9C61.2] زرق ثانوي مفتوح الزاوية;9;0;1;1
656;[9C61.3] زرق ثانوي لانغلاق الزاوية;9;0;1;1
657;[9C80] حول غير شللي;9;0;1;1
658;[9C80.4] حول تلوي;9;0;1;1
659;[9C81] حالات شلل في عصب محرك للعين;9;0;1;1
660;[9C81.0] شلل العصب (القحفي) الثالث;9;0;1;1
661;[9C81.1] شلل في العصب الرابع;9;0;1;1
662;[9C81.2] شلل العصب السادس;9;0;1;1
663;[9C82.0] شلل العين المتفاقم الخارجي;9;0;1;1
664;[9C82.4] تعذر الاداء الحركي العيني;9;0;1;1
665;[9C83.0Z] شلل الحملقة المتقارنة، لم يتم تعيينه;9;0;1;1
666;[9C84] راراة;9;0;1;1
667;[9D00.0] حسر البصر;9;0;1;1
668;[9D00.1] مد البصر;9;0;1;1
669;[9D00.2] اللابؤرية;9;0;1;1
670;[9D00.3] قصور البصر الشيخوخي;9;0;1;1
671;[9D40] اضطراب في حدة الإبصار;9;0;1;1
672;[9D41] اضطراب في ساحة الرؤية;9;0;1;1
673;[9D90.4] عمى، في العينين;9;0;1;1
674;[9D90.5] عمى، في عين واحدة;9;0;1;1
675;[AA03] داء الفطريات في اﻷذن;10;0;1;1
676;[AA3Z] التهاب اﻷذن الظاهرة، لم يتم تعيينه;10;0;1;1
677;[AA42] انحشار الصملاخ;10;0;1;1
678;[AA6Z] امراض اﻷذن الظاهرة، لم يتم تعيينها;10;0;1;1
679;[AB00] التهاب حاد في الاذن الوسطى;10;0;1;1
680;[AB01] التهاب مزمن في الاذن الوسطى;10;0;1;1
681;[AB12] ورم كوليستيرولي في اﻷذن الوسطى;10;0;1;1
682;[AB13] انثقاب الغشاء الطبلي;10;0;1;1
683;[AB14] التهاب حاد في الغشاء الطبلي;10;0;1;1
684;[AB30] متلازمة حادة في الدهليز;10;0;1;1
685;[AB31.0] داء منيير;10;0;1;1
686;[AB31.2] دوار الوضعية الحميد الانتيابي;10;0;1;1
687;[AB33] تصلب اﻷذن;10;0;1;1
688;[AB50] خلل في السمع خلقي المنشا;10;0;1;1
689;[AB51] خلل مكتسب في السمع;10;0;1;1
690;[AB54] صمم شيخوخي;10;0;1;1
691;[AB72.0] التهاب العصب السمعي;10;0;1;1
692;[BA00] ارتفاع ضغط الدم الاساسي;11;0;1;1
693;[BA01] داء قلبي بفرط ضغط الدم;11;0;1;1
694;[BA02] داء كلوي بفرط ضغط الدم;11;0;1;1
695;[BA03] هجمة ارتفاع ضغط الدم;11;0;1;1
696;[BA04] فرط ضغط الدم ثانوي;11;0;1;1
697;[BA21] انخفاض ضغط الدم الوقوفي;11;0;1;1
698;[BA2Z] انخفاض ضغط الدم، لم يتم تعيينه;11;0;1;1
699;[BA40] ذبحة صدرية;11;0;1;1
700;[BA40.0] ذبحة صدرية غير مستقرة;11;0;1;1
701;[BA40.1] ذبحة صدرية مستقرة;11;0;1;1
702;[BA41.0] احتشاء حاد في عضلة القلب مع ارتفاع القطعة ST;11;0;1;1
703;[BA41.1] احتشاء حاد في عضلة القلب دون ارتفاع القطعة ST;11;0;1;1
704;[BA52] تصلب عصيدي تاجي;11;0;1;1
705;[BA60.0] متلازمة دريسلر;11;0;1;1
706;[BB00] انصمام خثاري في الرئة;11;0;1;1
707;[BB01] فرط ضغط الدم الرئوي;11;0;1;1
708;[BB01.5] قلب رئوي;11;0;1;1
709;[BB20] التهاب التامور الحاد;11;0;1;1
710;[BB22] التهاب التامور التضيقي;11;0;1;1
711;[BB23] دكاك قلبي;11;0;1;1
712;[BB24] تدمي التامور;11;0;1;1
713;[BB25] انصباب التامور;11;0;1;1
714;[BB2Z] التهاب التامور، لم يتم تعيينه;11;0;1;1
715;[BB40] التهاب الشغاف العدوائي الحاد او تحت الحاد;11;0;1;1
716;[BB60] تضيق الصمام المترالي;11;0;1;1
717;[BB61] قصور في الصمام المترالي;11;0;1;1
718;[BB62] تدلي في الصمام المترالي;11;0;1;1
719;[BB63] تضيق مع قصور في الصمام المترالي;11;0;1;1
720;[BB64] خراج في الصمام المترالي;11;0;1;1
721;[BB65] تمزق في الصمام المترالي;11;0;1;1
722;[BB70] تضيق في الصمام الابهري;11;0;1;1
723;[BB71] قصور في الصمام الابهري;11;0;1;1
724;[BB72] تضيق مع قصور في الصمام الابهري;11;0;1;1
725;[BB73] خراج في الصمام الابهري;11;0;1;1
726;[BB74] تدلي الصمام الابهري;11;0;1;1
727;[BB80] تضيق في الصمام الثلاثي الشرف;11;0;1;1
728;[BB81] قصور في الصمام الثلاثي الشرف;11;0;1;1
729;[BB82] تضيق مع قصور في الصمام الثلاثي الشرف;11;0;1;1
730;[BB83] خراج في الصمام الثلاثي الشرف;11;0;1;1
731;[BB84] تمزق في الصمام الثلاثي الشرف;11;0;1;1
732;[BB90] تضيق في الصمام الرئوي;11;0;1;1
733;[BB91] قصور في الصمام الرئوي;11;0;1;1
734;[BB92] تضيق مع قصور في الصمام الرئوي;11;0;1;1
735;[BB93] خراج في الصمام الرئوي;11;0;1;1
736;[BC01] مرض في صمام تعويضي;11;0;1;1
737;[BC0Z] افة في صمام قلبي، لم يتم تعيينها;11;0;1;1
738;[BC42] التهاب عضل القلب;11;0;1;1
739;[BC43.0] اعتلال عضل القلب توسعي;11;0;1;1
740;[BC43.1] اعتلال عضل القلب الضخامي;11;0;1;1
741;[BC43.2] اعتلال عضل القلب المقيد;11;0;1;1
742;[BC43.5] اعتلال عضل القلب المحرض بالكرب;11;0;1;1
743;[BC43.6] اعتلال عضل بطين القلب مولد لاضطرابات النظم;11;0;1;1
744;[BC45] تضخم القلب;11;0;1;1
745;[BC46] خثار داخل القلب;11;0;1;1
746;[BC60] زوال استقطاب اذيني باكر;11;0;1;1
747;[BC61] زوال استقطاب موصلي باكر;11;0;1;1
748;[BC62] سبيل إضافي;11;0;1;1
749;[BC63] اضطرابات التوصيل;11;0;1;1
750;[BC63.0] إحصار اذيني بطيني، درجة اولى;11;0;1;1
751;[BC63.1] إحصار اذيني بطيني، من الدرجة الثانية;11;0;1;1
752;[BC63.2] إحصار اذيني بطيني كامل;11;0;1;1
753;[BC63.3] إحصار الحزيمة اليمنى;11;0;1;1
754;[BC63.4] إحصار الحزيمة اليسرى;11;0;1;1
755;[BC64] متلازمة الموت المفاجئ باضطراب النظم;11;0;1;1
756;[BC65.0] متلازمة QT الطويلة;11;0;1;1
757;[BC65.1] متلازمة بروغادا;11;0;1;1
758;[BC65.2] متلازمة QT القصيرة;11;0;1;1
759;[BC70] زوال الاستقطاب البطيني الباكر;11;0;1;1
760;[BC71] اضطراب نظم تسرعي بطيني;11;0;1;1
761;[BC71.0] تسرع القلب البطيني;11;0;1;1
762;[BC71.00] تسرع القلب البطيني لسبيل مخرج البطين الايمن;11;0;1;1
763;[BC71.01] تسرع قلبي بطيني بمركبات متعددة الاشكال;11;0;1;1
764;[BC71.02] تسرع القلب البطيني المستمر;11;0;1;1
765;[BC71.03] تسرع القلب البطيني غير المستمر;11;0;1;1
766;[BC71.1] رجفان بطيني;11;0;1;1
767;[BC71.2] اضطرابات نظم بطينية بعودة الدخول;11;0;1;1
768;[BC80.1] بطء القلب الجيبي;11;0;1;1
769;[BC80.20] متلازمة العقدة الجيبية المريضة;11;0;1;1
770;[BC80.21] إحصار جيبي أذيني;11;0;1;1
771;[BC81] اضطراب النظم بتسرع القلب فوق البطيني;11;0;1;1
772;[BC81.0] تسرع القلب الاذيني المنتبذ;11;0;1;1
773;[BC81.1] تسرع القلب الموصلي المنتبذ;11;0;1;1
774;[BC81.2] تسرع القلب الاذيني بعودة دخول كبيرة;11;0;1;1
775;[BC81.3] رجفان اذيني;11;0;1;1
776;[BC81.4] متلازمة وولف-باركنسون-هوايت;11;0;1;1
777;[BC81.5] تسرع قلب بعودة دخول العقدة الجيبية;11;0;1;1
778;[BC81.6] تسرع قلب جيبي غير ملائم;11;0;1;1
779;[BC81.7] تسرع قلب تبادلي اذيني بطيني;11;0;1;1
780;[BC81.8] تسرع قلب بعودة دخول عقدي اذيني بطيني;11;0;1;1
781;[BC9Z] اضطراب النظم القلبي، لم يتم تعيينها;11;0;1;1
782;[BD10] فشل القلب الاحتقاني;11;0;1;1
783;[BD11] فشل البطين الايسر;11;0;1;1
784;[BD13] فشل البطين الايمن;11;0;1;1
785;[BD40] مرض انسدادي تصلبي عصيدي مزمن في شريان;11;0;1;1
786;[BD41] مرض انسدادي مزمن غير التصلب العصيدي في شريان;11;0;1;1
787;[BD42] ظاهرة رينو;11;0;1;1
788;[BD50] ام دم ابهرية او تسلخ الابهر;11;0;1;1
789;[BD51.0] ام دم او تسلخ في شريان سباتي;11;0;1;1
790;[BD51.1] ام دم او تسلخ في شريان فقري;11;0;1;1
791;[BD51.4] ام دم او تسلخ في شريان كلوي;11;0;1;1
792;[BD51.5] ام دم او تسلخ في شريان حرقفي;11;0;1;1
793;[BD53.0] مرض كيسي في الطبقة المتوسطة في شريان;11;0;1;1
794;[BD53.1] متلازمة ضرة اليد المطرقية;11;0;1;1
795;[BD53.2] اعتلال في شريان حرقفي;11;0;1;1
796;[BD53.3] متلازمة انحباس الشريان المابضي;11;0;1;1
797;[BD54] قرحة القدم السكرية;11;0;1;1
798;[BD70] التهاب الوريد الخثاري السطحي;11;0;1;1
799;[BD70.0] التهاب الوريد الخثاري السطحي في الطرفين السفليين;11;0;1;1
800;[BD70.2] التهاب وريد خثاري متنقل;11;0;1;1
801;[BD70.3] داء موندور;11;0;1;1
802;[BD71] خثار في وريد عميق;11;0;1;1
803;[BD72] انصمام خثاري في وريد;11;0;1;1
804;[BD74.1] اوردة دوالي في طرف سفلي;11;0;1;1
805;[BD74.3] قرحة وريدية في الساق;11;0;1;1
806;[BD75] دوالي وريدية في مواضع اخرى غير الطرف السفلي;11;0;1;1
807;[BD90] التهاب العقد اللمفية;11;0;1;1
808;[BD91] التهاب الاوعية اللمفية;11;0;1;1
809;[BD92] توسع اوعية لمفية;11;0;1;1
810;[BD93] وذمة لمفية;11;0;1;1
811;[BE1B.0] متلازمة الوذمة اللمفية التالية لاستئصال الثدي;11;0;1;1
812;[CA01] التهاب الجيوب الحاد;12;0;1;1
813;[CA02] التهاب البلعوم الحاد;12;0;1;1
814;[CA03] التهاب اللوزتين الحاد;12;0;1;1
815;[CA03.0] التهاب اللوزتين بالعقديات (ستربتوكوكوس);12;0;1;1
816;[CA05.0] التهاب الحنجرة الحاد;12;0;1;1
817;[CA06.0] التهاب الحنجرة الانسدادي الحاد;12;0;1;1
818;[CA06.1] التهاب لسان المزمار الحاد;12;0;1;1
819;[CA08] التهاب الانف الارجي او الوعائي الحركي;12;0;1;1
820;[CA09] التهاب انف مزمن او التهاب بلعوم انفي مزمن او التهاب بلعوم مزمن;12;0;1;1
821;[CA0A] التهاب مزمن في الجيوب الانفية;12;0;1;1
822;[CA0D] انحراف الحاجز الانفي;12;0;1;1
823;[CA0E] تضخم المحارات اﻷنفية;12;0;1;1
824;[CA0F.0] تضخم اللوزتين;12;0;1;1
825;[CA0F.1] تضخم الغدانيات;12;0;1;1
826;[CA0H.0] شلل في الحبلين الصوتيين او الحنجرة;12;0;1;1
827;[CA0H.1] سليلة في حبل صوتي او في الحنجرة;12;0;1;1
828;[CA0H.2] عقيدات الحبلين الصوتيين;12;0;1;1
829;[CA0H.3] وذمة في الحنجرة;12;0;1;1
830;[CA0H.4] تشنج في الحنجرة;12;0;1;1
831;[CA0H.5] تضيق الحنجرة;12;0;1;1
832;[CA0J] سليلة انفية;12;0;1;1
833;[CA0K.0] خراج خلف البلعوم وخراج جانب البلعوم;12;0;1;1
834;[CA0K.1] الخراج حول اللوزة;12;0;1;1
835;[CA20.1] التهاب قصبات مزمن;12;0;1;1
836;[CA21] نفاخ;12;0;1;1
837;[CA22] مرض رئوي انسدادي مزمن;12;0;1;1
838;[CA23] ربو;12;0;1;1
839;[CA24] توسع القصبات;12;0;1;1
840;[CA25] تليف كيسي;12;0;1;1
841;[CA40] التهاب الرئة;12;0;1;1
842;[CA41] التهاب القصيبات الحاد;12;0;1;1
843;[CA42] التهاب القصبات الحاد;12;0;1;1
844;[CA60] تغبر الرئة;12;0;1;1
845;[CA72] متلازمة مندلسون;12;0;1;1
846;[CB01] وذمة رئوية;12;0;1;1
847;[CB02] فرط الايوزينيات في الرئة;12;0;1;1
848;[CB03] التهاب الرئة الخلالي المجهول السبب;12;0;1;1
849;[CB07] داء الاورام الوعائية اللمفية العضلية الملساء;12;0;1;1
850;[CB21] استرواح الصدر;12;0;1;1
851;[CB22.0] التهاب المنصف التليفي;12;0;1;1
852;[CB25] تليف صدري;12;0;1;1
853;[CB26] تدمي الجنبة;12;0;1;1
854;[CB27] انصباب جنبي;12;0;1;1
855;[CB41.1] فشل تنفسي مزمن;12;0;1;1
856;[DA00.0] التهاب الشفة;13;0;1;1
857;[DA01.00] طلوان;13;0;1;1
858;[DA01.01] طلوان شعري;13;0;1;1
859;[DA01.10] تقرح قلاعي او شبيه بالقلاع في الفم;13;0;1;1
860;[DA01.11] التهاب الغشاء المخاطي في الفم;13;0;1;1
861;[DA02.1] جفاف الفم;13;0;1;1
862;[DA03.0] التهاب اللسان;13;0;1;1
863;[DA04.2] التهاب الغدد اللعابية;13;0;1;1
864;[DA04.4] حصيات لعابية;13;0;1;1
865;[DA08.0] تسوس اﻷسنان;13;0;1;1
866;[DA09.0] التهاب اللب;13;0;1;1
867;[DA09.6] خراج حول قمة السن;13;0;1;1
868;[DA0B.6] التهاب محيط تاج السن;13;0;1;1
869;[DA0C.0] التهاب دواعم السن الحاد;13;0;1;1
870;[DA0E.8] اضطرابات في المفصل الصدغي الفكي السفلي;13;0;1;1
871;[DA20.0] انسداد المريء;13;0;1;1
872;[DA20.1] رتج في المريء، مكتسب;13;0;1;1
873;[DA20.3] انثقاب المريء;13;0;1;1
874;[DA21.0] غياب الارتخاء;13;0;1;1
875;[DA21.2] اضطراب في الحركات التمعجية في المريء;13;0;1;1
876;[DA21.3] اضطراب وظيفة المصرة المريئية السفلية;13;0;1;1
877;[DA22] مرض ارتجاع من المعدة إلى المريء;13;0;1;1
878;[DA23.2] قرحة باريت;13;0;1;1
879;[DA24] التهاب المريء;13;0;1;1
880;[DA25] قرحة في المريء;13;0;1;1
881;[DA26.00] دوالي مريء مع نزف;13;0;1;1
882;[DA26.01] دوالي مريء بدون نزف;13;0;1;1
883;[DA41.00] شلل في المعدة;13;0;1;1
884;[DA41.2] فرط إفراز الحمض;13;0;1;1
885;[DA41.3] فقد حمض كلور الماء في المعدة;13;0;1;1
886;[DA42] التهاب المعدة;13;0;1;1
887;[DA43.3] اعتلال المعدة بفرط توتر وريد الباب;13;0;1;1
888;[DA44] بوليب في المعدة;13;0;1;1
889;[DA50.0] انسداد الاثناعشري;13;0;1;1
890;[DA50.1] رتج في الاثناعشري;13;0;1;1
891;[DA50.2] ناسور في الاثناعشري;13;0;1;1
892;[DA51] التهاب الاثناعشري;13;0;1;1
893;[DA52.0] دوالي الاثناعشري;13;0;1;1
894;[DA53] بوليب في الاثناعشري;13;0;1;1
895;[DA60] قرحة المعدة;13;0;1;1
896;[DA62] قرحة التفاغر;13;0;1;1
897;[DA63] قرحة في الاثناعشري;13;0;1;1
898;[DA91] انسداد في الامعاء الدقيقة;13;0;1;1
899;[DA92.0] ناسور في الامعاء الدقيقة;13;0;1;1
900;[DA93.0] انسداد شللي في الامعاء;13;0;1;1
901;[DA95] داء بطني;13;0;1;1
902;[DA96.04] متلازمة الامعاء القصيرة;13;0;1;1
903;[DA98] بوليبات الامعاء الدقيقة;13;0;1;1
904;[DB10] التهاب الزائدة;13;0;1;1
905;[DB30] انسداد في الامعاء الغليظة;13;0;1;1
906;[DB31.0] ناسور في الامعاء الغليظة;13;0;1;1
907;[DB31.2] تدلي المستقيم;13;0;1;1
908;[DB32.0] انسداد كاذب في القولون;13;0;1;1
909;[DB32.2] تضخم القولون;13;0;1;1
910;[DB32.20] تضخم القولون السمي;13;0;1;1
911;[DB35] بوليب في الامعاء الغليظة;13;0;1;1
912;[DB50.0] شق شرجي;13;0;1;1
913;[DB50.1] ناسور شرجي;13;0;1;1
914;[DB51] تضيق القناة الشرجية;13;0;1;1
915;[DB52] قرحة في الشرج;13;0;1;1
916;[DB53] تدلي الشرج;13;0;1;1
917;[DB60] البواسير;13;0;1;1
918;[DB70.00] خراج شرجي;13;0;1;1
919;[DB90.0] خراج الكبد;13;0;1;1
920;[DB92] مرض الكبد الدهني غير الكحولي;13;0;1;1
921;[DB93.0] تليف كبدي;13;0;1;1
922;[DB93.1] تشمع الكبد;13;0;1;1
923;[DB94] داء الكبد الكحولي;13;0;1;1
924;[DB98.5] متلازمة باد-كياري;13;0;1;1
925;[DB98.6] مرض مسد للاوردة في الكبد;13;0;1;1
926;[DB98.7] فرط ضغط الدم البابي;13;0;1;1
927;[DB99.1] كيسة في الكبد;13;0;1;1
928;[DB99.5] اعتلال الدماع الكبدي المنشا;13;0;1;1
929;[DB99.6] ركودة الصفراء المجهولة السبب، لم يتم تصنيفها في مكان اخر;13;0;1;1
930;[DC11] حصيات صفراوية;13;0;1;1
931;[DC12] التهاب المرارة;13;0;1;1
932;[DC13] التهاب القنوات الصفراوية;13;0;1;1
933;[DC30.0] كيسة في البنكرياس;13;0;1;1
934;[DC30.1] كيسة كاذبة في البنكرياس;13;0;1;1
935;[DC31] التهاب البنكرياس الحاد;13;0;1;1
936;[DC32] التهاب البنكرياس المزمن;13;0;1;1
937;[DC50] التهاب الصفاق;13;0;1;1
938;[DC70] التهاب الرتج في الامعاء الدقيقة;13;0;1;1
939;[DC71] داء الرتوج في الامعاء الدقيقة;13;0;1;1
940;[DC80] التهاب الرتوج في الامعاء الغليظة;13;0;1;1
941;[DC81] مرض الرتوج في الامعاء الغليظة ;13;0;1;1
942;[DC90] داء رتجي في الامعاء الدقيقة وفي الامعاء الغليظة;13;0;1;1
943;[DD30.0] احتشاء حاد في شريان مساريقي;13;0;1;1
944;[DD30.1] إقفار حاد في شريان مساريقي;13;0;1;1
945;[DD31.00] التهاب قولون إقفاري;13;0;1;1
946;[DD50.0] فتق حجابي;13;0;1;1
947;[DD51] فتق أربي;13;0;1;1
948;[DD52] فتق فخذي;13;0;1;1
949;[DD53] فتق سري;13;0;1;1
950;[DD54] فتق مجاور للسرة;13;0;1;1
951;[DD55] فتق شرسوفي;13;0;1;1
952;[DD56] فتق تال للبضع;13;0;1;1
953;[DD70] مرض كرون;13;0;1;1
954;[DD71] التهاب القولون التقرحي;13;0;1;1
955;[DD91.0] متلازمة الامعاء المتهيجة;13;0;1;1
956;[DE11] متلازمة الإغراق;13;0;1;1
957;[EA00] طفح خارجي فيروسي المنشا ناجم عن عامل مسبب لم يتم التعرف عليه او لم يتم تعيينه;14;0;1;1
958;[EA10] النخالية الوردية;14;0;1;1
959;[EA50.0] حمامى هامشية روماتزمية;14;0;1;1
960;[EA50.2] متلازمة الجلد المسموط بالمكورات العنقودية;14;0;1;1
961;[EA50.3] قرمزية بالمكورات العنقودية;14;0;1;1
962;[EA80] إكزيما تأتبية;14;0;1;1
963;[EA81] التهاب الجلد المثي وحالات ترتبط به;14;0;1;1
964;[EA83] الحزاز البسيط او التحزز;14;0;1;1
965;[EA84] إكزيما لادهنية;14;0;1;1
966;[EA88.4] النخالية البيضاء;14;0;1;1
967;[EA90] صدفية;14;0;1;1
968;[EA91] الحزاز المسطح;14;0;1;1
969;[EA92] امراض الجلد الشبيهة بالحزاز;14;0;1;1
970;[EA93] نخالية شبيهة بالحزاز;14;0;1;1
971;[EA94] النخالية الحمراء الشعرية;14;0;1;1
972;[EB00.0] شرى حاد;14;0;1;1
973;[EB00.1] شرى مزمن;14;0;1;1
974;[EB11] حمامى حلقية;14;0;1;1
975;[EB12] حمامى عديدة الاشكال;14;0;1;1
976;[EB13] متلازمة ستيفنس-جونسون او تقشر الانسجة المتموتة السمي في البشرة;14;0;1;1
977;[EB21] تقيح الجلد الغنغريني;14;0;1;1
978;[EB31] حمامى عقدة;14;0;1;1
979;[EB40] فقاع;14;0;1;1
980;[EB41] شبيه الفقاع;14;0;1;1
981;[EB42] مرض جلدي فقاعي خطي بالغلوبولين المناعي IgA;14;0;1;1
982;[EB43] انحلال البشرة الفقاعي المكتسب;14;0;1;1
983;[EB44] التهاب الجلد الهربسي الشكل;14;0;1;1
984;[EB50] ذئبة حمامية جلدية تحت حادة;14;0;1;1
985;[EB51] ذئبة حمامية جلدية مزمنة;14;0;1;1
986;[EB60] حزاز متصلب وضموري;14;0;1;1
987;[EB61] قشيعة;14;0;1;1
988;[EB90.10] وذمة مخاطية امام الظنبوب;14;0;1;1
989;[EB90.2] اورام كزانثية جلدية وتحت جلدية;14;0;1;1
990;[EC23.20] مهق عيني جلدي;14;0;1;1
991;[EC3Z] انحلال البشرة الفقاعي;14;0;1;1
992;[EC90] حكة;14;0;1;1
993;[EC91] حكاك;14;0;1;1
994;[ED50] سماك;14;0;1;1
995;[ED51.0] شواك اسود;14;0;1;1
996;[ED55] تقرن الجلد في الراحتين والاخمصين;14;0;1;1
997;[ED56] تقران شعري;14;0;1;1
998;[ED63.0] بهاق;14;0;1;1
999;[ED70] ثعلبة او فقد الشعر;14;0;1;1
1000;[ED70.2] ثعلبة بقعية;14;0;1;1
1001;[ED72] كثرة الشعر ومتلازمات فيها كثرة الشعر;14;0;1;1
1002;[ED80] حب الشباب;14;0;1;1
1003;[ED90.0] العد الوردي;14;0;1;1
1004;[ED91.2] سيلان دهني;14;0;1;1
1005;[ED92.0] التهاب الغدد العرقية القيحي;14;0;1;1
1006;[EE00] فرط التعرق;14;0;1;1
1007;[EE02] الدخنية;14;0;1;1
1008;[EE12.0] داحس حاد جرثومي;14;0;1;1
1009;[EE12.1] مرض فطري في الظفر;14;0;1;1
1010;[EE13.1] ظفر ناشب;14;0;1;1
1011;[EE40.1] علامات تمدد الجلد;14;0;1;1
1012;[EE60] جدرات او ندبات ضخامية;14;0;1;1
1013;[EE80.0] ورم حبيبي حلقي;14;0;1;1
1014;[EE80.1] نخر بيولوجي شحمي;14;0;1;1
1015;[EF00] التهاب السبلة الشحمية;14;0;1;1
1016;[EF01] ضمور شحمي او حثل شحمي;14;0;1;1
1017;[EF02.2] وذمة شحمية;14;0;1;1
1018;[EF02.3] التهاب الهلل;14;0;1;1
1019;[EF20.2] توسع الشعيرات الوريدية في الطرف السفلي;14;0;1;1
1020;[EF20.3] توسع الشعيرات العنكبوتي;14;0;1;1
1021;[EF60] تقرح إقفاري في الجلد;14;0;1;1
1022;[EG63.0] جيب شعري في المنطقة العجزية العصعصية;14;0;1;1
1023;[EG63.1] كيسة شعرية في المنطقة العجزية العصعصية;14;0;1;1
1024;[EG63.2] خراج شعري عجزي عصعصي;14;0;1;1
1025;[EH40.0] التهاب الجلد المثي الطفلي;14;0;1;1
1026;[EH40.1] امراض جلد الحفاضات لدى الرضيع;14;0;1;1
1027;[EH65] متلازمة اعراض جهازية مع فرط الحمضات وطفح دوائي;14;0;1;1
1028;[EH90] تقرح الضغط;14;0;1;1
1029;[EH92.0] مسامير واثفان;14;0;1;1
1030;[EJ20.1] داء النمشات السفعي;14;0;1;1
1031;[EJ40] حرق شمسي;14;0;1;1
1032;[EK00] التهاب الجلد الارجي بالتماس;14;0;1;1
1033;[EK01] التهاب الجلد الارجي الضيائي بالتماس;14;0;1;1
1034;[EK02] التهاب الجلد المهيج بالتماس;14;0;1;1
1035;[EK50.0] تفاعلات جلدية تجاه لسعة حشرة;14;0;1;1
1036;[EK70.1] كيسة غمد جذر الشعرة;14;0;1;1
1037;[EK90.0] التقران السفعي;14;0;1;1
1038;[FA00] التهاب المفصل والعظم في الورك;15;0;1;1
1039;[FA01] التهاب المفصل والعظم في الركبة;15;0;1;1
1040;[FA02] التهاب المفصل والعظم في الرسغ وفي اليد;15;0;1;1
1041;[FA04] التهاب المفاصل والعظام القليلة العدد;15;0;1;1
1042;[FA05] التهاب المفاصل والعظام المتعددة;15;0;1;1
1043;[FA10.0] عدوى جرثومية في مفصل;15;0;1;1
1044;[FA11] اعتلالات مفصلية تفاعلية;15;0;1;1
1045;[FA12] اعتلالات مفاصل تالية لعدوى;15;0;1;1
1046;[FA13] التهاب مفاصل الفقرات بالعدوى;15;0;1;1
1047;[FA20] التهاب المفاصل الروماتويدي;15;0;1;1
1048;[FA20.0] التهاب مفاصل روماتويدي إيجابي المصل;15;0;1;1
1049;[FA21] التهاب مفاصل بالصدفية;15;0;1;1
1050;[FA22] الم العضلات الروماتزمي;15;0;1;1
1051;[FA23] مرض ستيل يبدا في البالغين;15;0;1;1
1052;[FA24] التهاب مفاصل يفعي مجهول السبب;15;0;1;1
1053;[FA25] نقرس;15;0;1;1
1054;[FA26.0] مرض ترسب ديهيدرات بيروفسفات الكالسيوم;15;0;1;1
1055;[FA26.1] داء ترسيب هيدروكسي اباتيت;15;0;1;1
1056;[FA26.2] مرض تكلس الغضروف;15;0;1;1
1057;[FA30.0] إبهام اروح مكتسب في القدم;15;0;1;1
1058;[FA31.0] تشوه روحي، لم يتم تصنيفه في مكان اخر;15;0;1;1
1059;[FA31.1] تشوه فحجي، لم يتم تصنيفه في مكان اخر;15;0;1;1
1060;[FA31.4] سقوط القدم المكتسب;15;0;1;1
1061;[FA31.6] يد مخلبية مكتسبة او يد حنفاء مكتسبة;15;0;1;1
1062;[FA31.7] قدم مخلبية مكتسبة او قدم حنفاء مكتسبة;15;0;1;1
1063;[FA32.0] تقلقل متكرر في الرضفة;15;0;1;1
1064;[FA33] اختلال داخلي في الركبة;15;0;1;1
1065;[FA33.3] جسم حر في الركبة;15;0;1;1
1066;[FA33.4] تقلقل مزمن في الركبة;15;0;1;1
1067;[FA38.0] اعتلال مفصلي سكري;15;0;1;1
1068;[FA38.1] اعتلال مفصلي بالاعتلال العصبي;15;0;1;1
1069;[FA71] الصعر;15;0;1;1
1070;[FA72.4] انخماص في فقرة، لم يتم تصنيفه في مكان اخر;15;0;1;1
1071;[FA80] تنكس القرص بين الفقرات;15;0;1;1
1072;[FA81] انحلال الفقار;15;0;1;1
1073;[FA82] تضيق العمود الفقري;15;0;1;1
1074;[FA83] تكلس في اربطة العمود الفقري;15;0;1;1
1075;[FA84] انزلاق الفقار للامام;15;0;1;1
1076;[FA90] عدوى في الفقرة;15;0;1;1
1077;[FA91] عدوى في القرص بين الفقرتين;15;0;1;1
1078;[FA92] التهاب مفاصل الفقرات الالتهابي;15;0;1;1
1079;[FA92.0] التهاب المفاصل الفقرية المحورية;15;0;1;1
1080;[FB32.5] إجهاد او وثي العضلة;15;0;1;1
1081;[FB40] التهاب زليل الوتر;15;0;1;1
1082;[FB40.0] التهاب زليل الوتر العدوائي;15;0;1;1
1083;[FB40.1] التهاب اللفافة اﻷخمصية;15;0;1;1
1084;[FB40.4] إصبع بشكل الزناد;15;0;1;1
1085;[FB42.2] عقدة;15;0;1;1
1086;[FB50] التهاب جراب;15;0;1;1
1087;[FB53.0] التهاب المحفظة اللاصق في الكتف;15;0;1;1
1088;[FB53.1] متلازمة الكفة المدورة;15;0;1;1
1089;[FB53.2] متلازمة الانحباس في الكتف;15;0;1;1
1090;[FB54.0] مهماز العرف الحرقفي;15;0;1;1
1091;[FB54.1] متلازمة الشريطة الحرقفية الظنبوبية;15;0;1;1
1092;[FB54.2] التهاب الجراب الجانبي للظُّنبوب;15;0;1;1
1093;[FB54.3] مهماز العقب;15;0;1;1
1094;[FB54.4] الم مشط القدم;15;0;1;1
1095;[FB55.0] التهاب اللقيمة الإنسية في المرفق;15;0;1;1
1096;[FB55.1] التهاب اللقيمة الجانبية في المرفق;15;0;1;1
1097;[FB56.1] جسم غريب متبقي في نسيج رخو;15;0;1;1
1098;[FB80.4] تصلب العظم;15;0;1;1
1099;[FB80.5] كيسة عظمية مفردة;15;0;1;1
1100;[FB80.A] كسر إجهاد، لم يتم تصنيفه في مكان اخر;15;0;1;1
1101;[FB81] نخر عظمي;15;0;1;1
1102;[FB82.0] تلين الغضروف;15;0;1;1
1103;[FB82.1] داء عظمي غضروفي سالخ او التهاب العظم و الغضروف السالخ;15;0;1;1
1104;[FB82.2] انزلاق المشاشة العلوية في الفخذ;15;0;1;1
1105;[FB83.0] قلة العظام;15;0;1;1
1106;[FB83.1] تخلخل العظم;15;0;1;1
1107;[FB83.2] تلين العظام عند بالغ;15;0;1;1
1108;[FB84] التهاب العظم والنقي او التهاب العظم;15;0;1;1
1109;[FB85] مرض باجيت في العظام;15;0;1;1
1110;[FB86.0] توقف المشاش;15;0;1;1
1111;[FB86.1] حالات فرط تنسج العظام;15;0;1;1
1112;[FB86.2] انحلال العظم;15;0;1;1
1113;[GA00] التهاب الفرج;16;0;1;1
1114;[GA01.00] التهاب بطانة الرحم الحاد;16;0;1;1
1115;[GA01.10] التهاب مزمن في بطانة الرحم;16;0;1;1
1116;[GA02] التهاب المهبل;16;0;1;1
1117;[GA03.0] خراج في غدد بارثولين;16;0;1;1
1118;[GA03.1] كيسة في غدة بارثولين;16;0;1;1
1119;[GA04] التهاب عنق الرحم;16;0;1;1
1120;[GA05.0] مرض التهابي حوضي حاد لانثى;16;0;1;1
1121;[GA05.1] مرض التهابي حوضي مزمن;16;0;1;1
1122;[GA05.3] خراج في انبوب فالوب والمبيض;16;0;1;1
1123;[GA07] التهاب البوق والتهاب المبيض;16;0;1;1
1124;[GA10] انتباذ بطاني رحمي;16;0;1;1
1125;[GA11] المرض العضلي الغدي;16;0;1;1
1126;[GA12] عسر الجماع;16;0;1;1
1127;[GA15.0] سليلة في عنق الرحم;16;0;1;1
1128;[GA15.1] ائتكال وانقلاب للخارج في عنق الرحم;16;0;1;1
1129;[GA15.7] خلل تنسج عنق الرحم;16;0;1;1
1130;[GA18.5] التواء المبيض او التواء سويقة المبيض او التواء انبوب فالوب;16;0;1;1
1131;[GA19.0] ورم دموي في الرباط العريض;16;0;1;1
1132;[GA20] اضطرابات النزف في الدورة الطمثية;16;0;1;1
1133;[GA20.0] غياب الطمث;16;0;1;1
1134;[GA21.0] نزف تلو جماع او تلو اتصال جنسي;16;0;1;1
1135;[GA30.0] الإياس;16;0;1;1
1136;[GA30.02] نزف غزير في دورات سابقة للإياس;16;0;1;1
1137;[GA30.1] نزف رحمي تلو الإياس;16;0;1;1
1138;[GA30.2] التهاب المهبل الضموري التالي للإياس;16;0;1;1
1139;[GA30.4] بيغ ساخن إياسي;16;0;1;1
1140;[GA31.0] عقم اولي لدى المراة;16;0;1;1
1141;[GA31.1] عقم الانثى الثانوي;16;0;1;1
1142;[GA33] إجهاض متكرر;16;0;1;1
1143;[GA34.02] الم الفرج;16;0;1;1
1144;[GA34.3] عسر الطمث;16;0;1;1
1145;[GA42.0] حكة فرجية;16;0;1;1
1146;[GA80.1] قرحة في القضيب مجهولة السبب;16;0;1;1
1147;[GA90] فرط تنسج البروستاتة;16;0;1;1
1148;[GA91.0] التهاب البروستاتة المزمن;16;0;1;1
1149;[GA91.1] خراج البروستاتة;16;0;1;1
1150;[GB00] قيلة مائية او قيلة منوية;16;0;1;1
1151;[GB01] التواء الخصية او البربخ او الزائدة الخصوية;16;0;1;1
1152;[GB02] التهاب الخصية او التهاب البربخ;16;0;1;1
1153;[GB03] ضمور الخصية;16;0;1;1
1154;[GB04] العقم الذَّكري;16;0;1;1
1155;[GB05] قلفة فضفاضة او قلفة متضيقة او قلفة منكمشة;16;0;1;1
1156;[GB06.0] التهاب القلفة والحشفة;16;0;1;1
1157;[GB06.1] انتصاب مستمر;16;0;1;1
1158;[GB20.0] تغير كيسي ليفي;16;0;1;1
1159;[GB20.1] كثرة الغدد والليف في الثدي;16;0;1;1
1160;[GB21.0] خراج في الثدي;16;0;1;1
1161;[GB22] ضخامة الثدي;16;0;1;1
1162;[GB23.0] توسع القنوات في الثدي;16;0;1;1
1163;[GB23.1] تشقق او ناسور في حلمة الثدي;16;0;1;1
1164;[GB23.4] ثر اللبن غير مرتبط بالولادة;16;0;1;1
1165;[GB23.5] الم في الثدي;16;0;1;1
1166;[GB40] متلازمة كلائية;16;0;1;1
1167;[GB41] متلازمة التهاب الكلية;16;0;1;1
1168;[GB42] بيلة البومينية مستديمة او بيلة بروتينية مستديمة;16;0;1;1
1169;[GB50] مرض حاد في النبيبات وفي النسيج الخلالي في الكلية;16;0;1;1
1170;[GB51] التهاب الحويضة والكلية الحاد;16;0;1;1
1171;[GB52] نخر نبيبي حاد;16;0;1;1
1172;[GB53] نخر حاد في حليمات الكلية;16;0;1;1
1173;[GB55] التهاب مزمن في النبيبات والنسيج الخلالي في الكلية;16;0;1;1
1174;[GB56] اعتلال كلوي انسدادي او ارتجاعي;16;0;1;1
1175;[GB56.4] حالات اخرى او حالات لم يتم تعيينها من موه الكلية;16;0;1;1
1176;[GB57] ترسب الكالسيوم في الكلية;16;0;1;1
1177;[GB58] كلاء قيحي;16;0;1;1
1178;[GB59] خراج في الكلية او حول الكلية;16;0;1;1
1179;[GB60] فشل حاد في الكلية;16;0;1;1
1180;[GB61] مرض كلوي مزمن;16;0;1;1
1181;[GB61.0] مرض كلوي مزمن، مرحلة 1;16;0;1;1
1182;[GB61.1] مرض كلوي مزمن، مرحلة 2;16;0;1;1
1183;[GB61.2] مرض كلوي مزمن، مرحلة 3a;16;0;1;1
1184;[GB61.3] مرض كلوي مزمن، مرحلة 3b;16;0;1;1
1185;[GB61.4] مرض كلوي مزمن، مرحلة 4;16;0;1;1
1186;[GB61.5] مرض كلوي مزمن، مرحلة 5;16;0;1;1
1187;[GB70.0] حصاة في الكلية;16;0;1;1
1188;[GB70.1] حصاة في الحالب;16;0;1;1
1189;[GB71.0] حصاة في المثانة;16;0;1;1
1190;[GB71.1] حصاة في الإحليل;16;0;1;1
1191;[GB80.0] كيسة بسيطة في الكلية;16;0;1;1
1192;[GB80.1] كيسة كلوية مركبة;16;0;1;1
1193;[GB83] سحاف الكلية;16;0;1;1
1194;[GB90.0] تدلي الكلية;16;0;1;1
1195;[GB90.1] موه الحالب;16;0;1;1
1196;[GB90.2] تلوي او انحراف مسار الحالب دون انسداد;16;0;1;1
1197;[GB90.3] إقفار او إحتشاء في الكلية;16;0;1;1
1198;[GB90.4] اضطرابات وظائف النبيبات الكلوية;16;0;1;1
1199;[GC00] التهاب المثانة;16;0;1;1
1200;[GC01.Z] اضطرابات المثانة الاخرى، لم يتم تعيينه;16;0;1;1
1201;[GC02] التهاب الإحليل والمتلازمة الإحليلية;16;0;1;1
1202;[GC03] تضيق الإحليل;16;0;1;1
1203;[GC04] ناسور في الطريق البولي التناسلي;16;0;1;1
1204;[GC05] تدلي الطبقة المخاطية في الإحليل;16;0;1;1
1205;[GC06] رتج في الإحليل;16;0;1;1
1206;[GC07] اللحيمة الإحليلية;16;0;1;1
1207;[GC08] عدوى في الطريق البولي، لم يتم تعيين الموضع;16;0;1;1
1208;[GC40.0] تدلي الجدار الامامي للمهبل;16;0;1;1
1209;[GC40.1] تدلي الجدار الخلفي في المهبل;16;0;1;1
1210;[GC40.2] تدلي قمة المهبل;16;0;1;1
1211;[GC40.3] تدلي رحمي مهبلي;16;0;1;1
1212;[GC40.4] تمزق عضلات قاع الحوض;16;0;1;1
1213;[GC40.5] سلس البول مرافق لتدلي عضو حوضي;16;0;1;1
1214;[GC50.0] مثانة مفرطة النشاط;16;0;1;1
1215;[GC51] تشويه الاعضاء التناسلية الظاهرة للانثى;16;0;1;1
1216;[HA01.1] اختلال الاداء في النعوظ لدى ذكر;17;0;1;1
1217;[HA03.0] القذف الباكر لدى الرجل;17;0;1;1
1218;[HA0Z] اختلالات في الاداء الجنسي، لم يتم تعيينها;17;0;1;1
1219;[HA6Z] عدم التوافق الجندري، لم يتم تعيينه;17;0;1;1
1220;[JA00.0] إجهاض تلقائي;18;0;1;1
1221;[JA00.1] إجهاض محرض;18;0;1;1
1222;[JA01] حمل منتبذ;18;0;1;1
1223;[JA02] حمل رحوي;18;0;1;1
1224;[JA03] إجهاض فائت;18;0;1;1
1225;[JA04] بيضة تالفة او رحى غير عدارية;18;0;1;1
1226;[JA23] ارتفاع ضغط الدم الحملي;18;0;1;1
1227;[JA24] مقدمات التسمم الحملي;18;0;1;1
1228;[JA25] تسمم الحمل;18;0;1;1
1229;[JA40] نزف في وقت باكر من الحمل;18;0;1;1
1230;[JA41] نزف قبل الولادة;18;0;1;1
1231;[JA42] نزف اثناء الولادة;18;0;1;1
1232;[JA43] نزف تال للولادة;18;0;1;1
1233;[JA88.0] قلة السائل الامنيوسي;18;0;1;1
1234;[JA89] تقديم رعاية للام تتعلق بتمزق الاغشية الباكر;18;0;1;1
1235;[JA8B] تقديم رعاية للام تتعلق بمشيمة منزاحة او بمشيمة منخفضة الموضع;18;0;1;1
1236;[JA8D] تقديم رعاية للام تتعلق بمخاض كاذب;18;0;1;1
1237;[JA8E] تقديم رعاية للام تتعلق بحمل مديد;18;0;1;1
1238;[JB00] مخاض او ولادة قبل تمام الحمل;18;0;1;1
1239;[JB07] مخاض او ولادة تضاعفت بضائقة جنينية;18;0;1;1
1240;[JB09] تمزق العجان اثناء الولادة;18;0;1;1
1241;[JB0A.Z] رضح توليدي، لم يتم تعيينه;18;0;1;1
1242;[JB0B] انحباس المشيمة او انحباس الاغشية، دون نزف;18;0;1;1
1243;[JB20] ولادة تلقائية لوليد مفرد;18;0;1;1
1244;[JB21] ولادة لوليد وحيد بملقط او باستخراج الوليد بتخلية الهواء;18;0;1;1
1245;[JB23] حالات اخرى من ولادة مولود وحيد مع مساعدة;18;0;1;1
1246;[JB24] ولادة اجنة متعددة;18;0;1;1
1247;[JB40] حالات من العدوى في فترة النفاس;18;0;1;1
1248;[JB40.0] إنتان نفاسي;18;0;1;1
1249;[JB45] عدوى في الثدي مرتبطة بالولادة;18;0;1;1
1250;[JB46.3] انقطاع اللبن;18;0;1;1
1251;[JB46.5] كبت الإرضاع;18;0;1;1
1252;[JB46.6] ثر اللبن;18;0;1;1
1253;[KA20.1] تقييد نمو الجنين داخل الرحم;19;0;1;1
1254;[KA21.2] نقص وزن الوليد عند الولادة;19;0;1;1
1255;[KA21.4] وليد قبل الاوان;19;0;1;1
1256;[KA44.1] شلل الضفيرة العضدية لدى الوليد;19;0;1;1
1257;[KA4Z] رضح اثناء الولادة، لم يتم تعيينه;19;0;1;1
1258;[KA60] إنتان لدى جنين او لدى وليد;19;0;1;1
1259;[KA65.1] التهاب السرة لدى الوليد;19;0;1;1
1260;[KA6Z] عداوى لدى الجنين او لدى الوليد، لم يتم تعيينها;19;0;1;1
1261;[KA84.0] تمنيع إسوي لعامل ريسيوس (راهاء Rh) في جنين او في وليد;19;0;1;1
1262;[KA84.1] تمنيع إسوي ناجم عن عوامل اخرى في الكرية الحمراء;19;0;1;1
1263;[KA84.2] تمنيع إسوي ABO في جنين او في وليد;19;0;1;1
1264;[KA85] موه الجنين الناجم عن داء انحلال الدم;19;0;1;1
1265;[KA86] اليرقان النووي لدى وليد;19;0;1;1
1266;[KA87] فرط بيليروبين الدم لدى الوليد;19;0;1;1
1267;[KA88] تخثر الدم المنتثر داخل الاوعية لدى الجنين ولدى الوليد;19;0;1;1
1268;[KA89] نقص صفيحات عابر لدى وليد;19;0;1;1
1269;[KB04] اعتلال الدماغ الإقفاري بنقص الاكسجين لدى وليد;19;0;1;1
1270;[KB21] اختناق الوليد اثناء ولادته;19;0;1;1
1271;[KB23] ضائقة تنفسية لدى الوليد;19;0;1;1
1272;[KB2A] انقطاع التنفس لدى الوليد;19;0;1;1
1273;[LA0Z] شذوذات بنيوية نمائية في الجهاز العصبي، لم يتم تعيينها;20;0;1;1
1274;[LA14.14] تضيق او تقبض خلقي في قناة الدمع;20;0;1;1
1275;[LA30] شذوذات نمائية بنيوية في الاسنان وفي الانسجة الداعمة للاسنان;20;0;1;1
1276;[LA40] شفة مشقوقة;20;0;1;1
1277;[LA42] حنك مشقوق;20;0;1;1
1278;[LA80.1] ايمنية القلب;20;0;1;1
1279;[LA85.1] تغير وضع الشرايين الكبيرة;20;0;1;1
1280;[LA85.4] جذع شرياني مشترك;20;0;1;1
1281;[LA87.03] تشوه إيبيشتاين في الصمام الثلاثي الشرف;20;0;1;1
1282;[LA88.2] رباعية فالو;20;0;1;1
1283;[LA88.4] عيب الحاجز البطيني;20;0;1;1
1284;[LA8B.4] قناة شريانية سالكة;20;0;1;1
1285;[LA8E.0] ثقبة بيضية مستديمة;20;0;1;1
1286;[LB01] قيلة سرية;20;0;1;1
1287;[LB02] انشقاق خلقي في البطن;20;0;1;1
1288;[LB15.0] رتج ميكل;20;0;1;1
1289;[LB15.1] رتق الامعاء الدقيقة;20;0;1;1
1290;[LB16.1] داء هيرشبرنغ;20;0;1;1
1291;[LB45] شذوذات نمائية بنيوية في المبيضين او في انبوبي فالوب او في الرباطين العريضين;20;0;1;1
1292;[LB52] اختفاء الخصية;20;0;1;1
1293;[LB53] فتحة الإحليل سفلية;20;0;1;1
1294;[LB55] انفتاح الإحليل علوي;20;0;1;1
1295;[LB72.1] تشوه سبرينجيل;20;0;1;1
1296;[LB73.10] متلازمة بولاند;20;0;1;1
1297;[LB73.20] شذوذ كليبل فايل;20;0;1;1
1298;[LB73.21] التحام القذال بالفهقة;20;0;1;1
1299;[LB73.22] عدم ثبات او خلع جزئي في الفهقة-المحور;20;0;1;1
1300;[LB73.23] عدم تنسج او نقص تنسج النتوء السني في المحور;20;0;1;1
1301;[LB73.25] جنف خلقي ناجم عن تشوه خلقي في العظام;20;0;1;1
1302;[LB73.28] عدم تكون العجز او نقص تنسج العجز;20;0;1;1
1303;[LB73.29] لاحقة ذنبية;20;0;1;1
1304;[LB73.2A] انزلاق خلقي في فقرة;20;0;1;1
1305;[LB74.0] خلل تنسج نمائي في الورك;20;0;1;1
1306;[LB74.1] خلع جزئي خلقي في الورك;20;0;1;1
1307;[LB74.2] ورك غير مستقر;20;0;1;1
1308;[LB74.3] ورك فحجاء خلقية;20;0;1;1
1309;[LB74.4] ورك روحاء خلقية;20;0;1;1
1310;[LB74.5] ارتفاق العانة عريض;20;0;1;1
1311;[LB78] كثرة الاصابع;20;0;1;1
1312;[LB79] التحام الاصابع;20;0;1;1
1313;[LB80] تشوهات خلقية في اصابع اليدين;20;0;1;1
1314;[LB91] خلع خلقي في الكتف;20;0;1;1
1315;[LB92] خلع خلقي في المرفق;20;0;1;1
1316;[LB93] خلع خلقي في الركبة;20;0;1;1
1317;[LB94] خلع خلقي في الرضفة;20;0;1;1
1318;[LB95] عدم تنسج الرضفة او نقص تنسج الرضفة;20;0;1;1
1319;[LB96] انحناء خلقي في العظام الطويلة;20;0;1;1
1320;[LB97] فرط نمو في طرف;20;0;1;1
1321;[LC40] كيسة شبيهة بالجلد;20;0;1;1
1322;[LC50.1] بقعة بلون الخمر;20;0;1;1
1323;[LD24.00] عدم تنسج الغضروف;20;0;1;1
1324;[LD24.50] عدم تخلق الغضاريف;20;0;1;1
1325;[LD24.60] عدم التنسج الغضروفي الكاذب;20;0;1;1
1326;[LD27.01] متلازمة كرونخيت-كانادا;20;0;1;1
1327;[LD27.1] جفاف الجلد المصطبغ;20;0;1;1
1328;[LD28.01] متلازمة مارفان;20;0;1;1
1329;[LD28.1] متلازمة إهلر-دانلوس;20;0;1;1
1330;[LD2D.0] متلازمة بويتزجيغرز;20;0;1;1
1331;[LD2D.1] داء الاورام الليفية العصبية;20;0;1;1
1332;[LD2D.2] تصلب حدبي;20;0;1;1
1333;[LD2D.3] متلازمة جاردنر;20;0;1;1
1334;[LD2D.4] متلازمة جورلين;20;0;1;1
1335;[LD2F.00] متلازمة جنين تعرض للكحول;20;0;1;1
1336;[LD2H.4] متلازمة اوشير;20;0;1;1
1337;[LD40.0] تثلث الصبغي 21 تام;20;0;1;1
1338;[LD50.0] متلازمة تيرنر;20;0;1;1
1339;[LD50.3] متلازمة كلينفلتر;20;0;1;1
1340;[LD55] الصبغي X الهش;20;0;1;1
1341;[MB20.1] غيبوبة;21;0;1;1
1342;[MB23.H] هجمة هلع;21;0;1;1
1343;[MB23.R] محاولة انتحار;21;0;1;1
1344;[MB24.3] قلق;21;0;1;1
1345;[MB24.5] مزاج اكتئابي;21;0;1;1
1346;[MB26.0] وهام;21;0;1;1
1347;[MB26.A] التفكير بالانتحار;21;0;1;1
1348;[MB27.2] الهلوسات;21;0;1;1
1349;[MB50] شلل رباعي;21;0;1;1
1350;[MB51] شلل مزدوج في الطرفين العلويين;21;0;1;1
1351;[MB52] شلل مزدوج في الطرفين السفليين;21;0;1;1
1352;[MB53] فالج;21;0;1;1
1353;[MB54] شلل أحادي في طرف علوي;21;0;1;1
1354;[MB55] شلل أحادي في طرف سفلي;21;0;1;1
1355;[MB56] شلل سفلي;21;0;1;1
1356;[MB57] المستوى الوظيفي لإصابة في الحبل الشوكي;21;0;1;1
1357;[MC41] طنين;21;0;1;1
1358;[MC82] توقف القلب;21;0;1;1
1359;[MD20] رعاف;21;0;1;1
1360;[ME07] سلس البراز;21;0;1;1
1361;[ME24.A4] تغوط اسود;21;0;1;1
1362;[ME24.A5] قيء دموي;21;0;1;1
1363;[ME24.A6] الدم الخفي في البراز إيجابي;21;0;1;1
1364;[MF30] كتلة في الثدي لدى انثى;21;0;1;1
1365;[MF3A] مفرزات مهبلية;21;0;1;1
1366;[MF40.3] القذف الراجع;21;0;1;1
1367;[MF42] خصية هاجرة منكمشة;21;0;1;1
1368;[MF50.2] سلس البول;21;0;1;1
1369;[MF50.3] احتباس البول;21;0;1;1
1370;[MG30] الم مزمن;21;0;1;1
1371;[MG40] صدمة;21;0;1;1
1372;[MG45] غشي وهبوط;21;0;1;1
1373;[MH11] متلازمة الموت الفجائي لدى رضيع;21;0;1;1
1374;[MH16] فشل اعضاء متعددة;21;0;1;1
1375;[NA00] إصابة سطحية في الراس;22;0;1;1
1376;[NA00.1] إصابة سطحية في الجفن او في المنطقة المحيطة بالعين;22;0;1;1
1377;[NA00.2] إصابة سطحية في اﻷذن;22;0;1;1
1378;[NA00.3] إصابة سطحية في الانف;22;0;1;1
1379;[NA00.4] إصابة سطحية في الشفة او في جوف الفم;22;0;1;1
1380;[NA01] جرح مفتوح في الراس;22;0;1;1
1381;[NA02] كسر في القحف وعظام الوجه;22;0;1;1
1382;[NA03.0] خلع في الفك السفلي;22;0;1;1
1383;[NA03.1] خلع الغضروف الحاجزي لﻷنف;22;0;1;1
1384;[NA06] إصابة في العين او في الحجاج;22;0;1;1
1385;[NA07.0] ارتجاج;22;0;1;1
1386;[NA07.3] إصابة دماغية منتشرة;22;0;1;1
1387;[NA07.5] نزف فوق الجافية رضحي المنشا;22;0;1;1
1388;[NA07.6] نزف تحت الجافية رضحي المنشا;22;0;1;1
1389;[NA07.7] نزف تحت العنكبوتية رضحي المنشا;22;0;1;1
1390;[NA07.8] نزف في النسيج الدماغي رضحي المنشا;22;0;1;1
1391;[NA0A.2] تمزق غشاء طبل اﻷذن الرضحي المنشا;22;0;1;1
1392;[NA0D.15] فقدان الاسنان الرضحي;22;0;1;1
1393;[NA20] إصابة سطحية في العنق;22;0;1;1
1394;[NA21] جرح مفتوح في العنق;22;0;1;1
1395;[NA22.0] كسر في الفقرة الرقبية الاولى;22;0;1;1
1396;[NA22.1] كسر في الفقرة الرقبية الثانية;22;0;1;1
1397;[NA22.12] كسر الناتئ السني للفقرة الرقبية الثانية;22;0;1;1
1398;[NA23.10] تفارق في المفصل القحفي الرقبي;22;0;1;1
1399;[NA23.11] خلع في المفصل الاطلسي المحوري;22;0;1;1
1400;[NA3Z] إصابة في الحبل الشوكي الرقبي;22;0;1;1
1401;[NA80] إصابة سطحية في الصدر;22;0;1;1
1402;[NA81] جرح مفتوح في الصدر;22;0;1;1
1403;[NA82.0] كسر في الفقرات الصدرية;22;0;1;1
1404;[NA82.2] كسر في القص;22;0;1;1
1405;[NA82.3] كسر في ضلع;22;0;1;1
1406;[NA82.5] صدر سائب;22;0;1;1
1407;[NA83.1] خلع في فقرة صدرية;22;0;1;1
1408;[NA9Z] إصابة في الحبل النخاعي في مستوى الصدر، لم يتم تعيينها;22;0;1;1
1409;[NB31] إصابة في القلب;22;0;1;1
1410;[NB32.0] استرواح الصدر الرضحي المنشا;22;0;1;1
1411;[NB32.1] تدمي الجنبة الرضحي المنشا;22;0;1;1
1412;[NB32.2] استرواح وتدمي الصدر الرضحي المنشا;22;0;1;1
1413;[NB32.33] إصابة انفجارية اولية في الرئة;22;0;1;1
1414;[NB33.0] هرس في الصدر;22;0;1;1
1415;[NB33.1] بتر رضحي للثدي;22;0;1;1
1416;[NB50] إصابة سطحية في البطن او في اسفل الظهر او في الحوض;22;0;1;1
1417;[NB51] جرح مفتوح في البطن او في اسفل الظهر او في الحوض;22;0;1;1
1418;[NB52.0] كسر في فقرة قطنية;22;0;1;1
1419;[NB52.1] كسر في عظم الحوض دون اضطراب في القوس الخلفية لحلقة الحوض;22;0;1;1
1420;[NB52.10] كسر في العجز دون اضطراب في حلقة الحوض;22;0;1;1
1421;[NB52.11] كسر في العصعص;22;0;1;1
1422;[NB52.12] كسر في الحرقفة دون اضطراب في حلقة الحوض;22;0;1;1
1423;[NB52.13] كسر في الحق دون اضطراب في حلقة الحوض;22;0;1;1
1424;[NB52.14] كسر في العانة دون اضطراب في حلقة الحوض;22;0;1;1
1425;[NB52.15] كسر في عظم الإسك دون اضطراب في حلقة الحوض;22;0;1;1
1426;[NB52.3] كسر في حلقة الحوض مع اضطراب كامل في حلقة الحوض;22;0;1;1
1427;[NB53.0] تمزق رضحي في قرص بين فقرتين قطنيتين;22;0;1;1
1428;[NB53.1] خلع في فقرة قطنية;22;0;1;1
1429;[NB63.Z] إصابة في الحبل الشوكي العجزي، لم يتم تعيينها;22;0;1;1
1430;[NB70] إصابة جذر عصب في العمود الفقري القطني;22;0;1;1
1431;[NB71] إصابة جذر عصب في العمود الفقري العجزي;22;0;1;1
1432;[NB72] إصابة ذئب الفرس;22;0;1;1
1433;[NB73] إصابة في الضفيرة القطنية العجزية;22;0;1;1
1434;[NB91.0] إصابة الطحال;22;0;1;1
1435;[NB91.1] إصابة في الكبد;22;0;1;1
1436;[NB91.14] إصابة في القناة الكبدية;22;0;1;1
1437;[NB91.4] إصابة في البنكرياس;22;0;1;1
1438;[NB91.5] إصابة في المعدة;22;0;1;1
1439;[NB91.6] إصابة في الاثناعشري;22;0;1;1
1440;[NB91.7] إصابة في الامعاء الدقيقة;22;0;1;1
1441;[NB91.8] إصابة في القولون;22;0;1;1
1442;[NB91.9] إصابة في المستقيم;22;0;1;1
1443;[NB91.A] إصابة في المساريقا;22;0;1;1
1444;[NB92.0] إصابة في الكلية;22;0;1;1
1445;[NB92.1] إصابة في الحالب;22;0;1;1
1446;[NB92.2] إصابة في المثانة;22;0;1;1
1447;[NB92.3] إصابة في الإحليل;22;0;1;1
1448;[NB92.4] إصابة في المبيض;22;0;1;1
1449;[NB92.5] إصابة في انبوب فالوب;22;0;1;1
1450;[NB92.6] إصابة في الرحم;22;0;1;1
1451;[NB92.7] إصابة السبيل البولي;22;0;1;1
1452;[NB98] إصابة في عضو تناسلي انثوي دون تعيين إضافي;22;0;1;1
1453;[NB99] إصابة في عضو تناسلي ذكري دون تعيين إضافي;22;0;1;1
1454;[NC10] إصابة سطحية في الكتف او في اعلى الذراع;22;0;1;1
1455;[NC11] جرح مفتوح في الكتف او في اعلى الذراع;22;0;1;1
1456;[NC12] كسر في الكتف او في اعلى الذراع;22;0;1;1
1457;[NC12.0] كسر في الترقوة;22;0;1;1
1458;[NC12.1] كسر في عظم لوح الكتف;22;0;1;1
1459;[NC12.2] كسر في النهاية العلوية لعظم العضد;22;0;1;1
1460;[NC12.3] كسر في جسم عظم العضد;22;0;1;1
1461;[NC12.4] كسر في النهاية السفلية لعظم العضد;22;0;1;1
1462;[NC13.0] خلع في مفصل الكتف;22;0;1;1
1463;[NC18] بتر رضحي للكتف او لاعلى الذراع;22;0;1;1
1464;[NC30] إصابة سطحية في الساعد;22;0;1;1
1465;[NC31] جرح مفتوح في الساعد;22;0;1;1
1466;[NC32] كسر في الساعد;22;0;1;1
1467;[NC33.0] خلع في راس عظم الكعبرة;22;0;1;1
1468;[NC33.1] خلع المرفق;22;0;1;1
1469;[NC33.2] تمزق رضحي في الرباط الجانبي للكعبرة;22;0;1;1
1470;[NC38] بتر رضحي للساعد;22;0;1;1
1471;[NC51] إصابة سطحية في الرسغ او في اليد;22;0;1;1
1472;[NC52] جرح مفتوح في الرسغ او في اليد;22;0;1;1
1473;[NC53] كسر عند مستوى الرسغ او عند مستوى اليد;22;0;1;1
1474;[NC54.0] خلع الرسغ;22;0;1;1
1475;[NC54.1] خلع في إبهام اليد;22;0;1;1
1476;[NC54.2] خلع في اصبع في اليد;22;0;1;1
1477;[NC59] بتر رضحي في الرسغ او في اليد;22;0;1;1
1478;[NC59.0] بتر رضحي في إبهام اليد;22;0;1;1
1479;[NC59.1] بتر رضحي لاصبع مفردة اخرى;22;0;1;1
1480;[NC70] إصابة سطحية في الورك او في الفخذ;22;0;1;1
1481;[NC71] جرح مفتوح في الورك او في الفخذ;22;0;1;1
1482;[NC72] كسر عظم الفخذ;22;0;1;1
1483;[NC90] إصابة سطحية في الركبة او في اسفل الساق;22;0;1;1
1484;[NC91] جرح مفتوح في الركبة او في اسفل الساق;22;0;1;1
1485;[NC92] كسر في اسفل الساق، يشمل الكاحل;22;0;1;1
1486;[NC93.0] تلف حاد داخل الركبة;22;0;1;1
1487;[NC93.1] خلع في الرضفة;22;0;1;1
1488;[NC93.3] تمزق في هلالة مفصلية في الركبة، حالي;22;0;1;1
1489;[NC96.0] إصابة وتر أخيل;22;0;1;1
1490;[NC98] بتر رضحي في اسفل الساق;22;0;1;1
1491;[ND11] إصابة سطحية في الكاحل او في القدم;22;0;1;1
1492;[ND12] جرح مفتوح في الكاحل او في القدم;22;0;1;1
1493;[ND13] كسر في القدم، ما عدا الكاحل;22;0;1;1
1494;[ND14.7] إجهاد او وثي في الكاحل;22;0;1;1
1495;[ND19] بتر رضحي للكاحل او للقدم;22;0;1;1
1496;[ND70] جسم غريب خارج العين;22;0;1;1
1497;[ND71] جسم اجنبي في اﻷذن;22;0;1;1
1498;[ND72] جسم اجنبي في السبيل التنفسي;22;0;1;1
1499;[ND73.5] جسم اجنبي في الشرج والمستقيم;22;0;1;1
1500;[ND74.2] جسم غريب في الفرج او في المهبل;22;0;1;1
1501;[Z] اخر (انظر الملاحظات);23;0;1;1
